Country,Year,Population
WORLD,1950,462134.325
WORLD,1955,487737.887
WORLD,1960,506921.369
WORLD,1965,556987.394
WORLD,1970,668325.918
WORLD,1975,763033.843
WORLD,1980,845103.485
WORLD,1985,941553.99
WORLD,1990,1007637.573
WORLD,1995,1035467.023
WORLD,2000,1088898.563
WORLD,2005,1188423.891
WORLD,2010,1221972.345
WORLD,2015,1194505.566
More developed regions,1950,139345.102
More developed regions,1955,139763.824
More developed regions,1960,138840.891
More developed regions,1965,148936.059
More developed regions,1970,167995.814
More developed regions,1975,176847.853
More developed regions,1980,180159.165
More developed regions,1985,175000.146
More developed regions,1990,168551.164
More developed regions,1995,164593.176
More developed regions,2000,163368.953
More developed regions,2005,165345.001
More developed regions,2010,158909.236
More developed regions,2015,146473.12
Less developed regions,1950,322789.223
Less developed regions,1955,347974.063
Less developed regions,1960,368080.478
Less developed regions,1965,408051.335
Less developed regions,1970,500330.104
Less developed regions,1975,586185.99
Less developed regions,1980,664944.32
Less developed regions,1985,766553.844
Less developed regions,1990,839086.409
Less developed regions,1995,870873.847
Less developed regions,2000,925529.61
Less developed regions,2005,1023078.89
Less developed regions,2010,1063063.109
Less developed regions,2015,1048032.446
Least developed countries,1950,37160.936
Least developed countries,1955,40405.067
Least developed countries,1960,44449.69
Least developed countries,1965,49562.831
Least developed countries,1970,56705.736
Least developed countries,1975,63703.133
Least developed countries,1980,74237.52
Least developed countries,1985,86321.884
Least developed countries,1990,99281.608
Least developed countries,1995,114576.348
Least developed countries,2000,133012.863
Least developed countries,2005,151400.528
Least developed countries,2010,167888.787
Least developed countries,2015,190333.096
"Less developed regions, excluding least developed countries",1950,285628.287
"Less developed regions, excluding least developed countries",1955,307568.996
"Less developed regions, excluding least developed countries",1960,323630.788
"Less developed regions, excluding least developed countries",1965,358488.504
"Less developed regions, excluding least developed countries",1970,443624.368
"Less developed regions, excluding least developed countries",1975,522482.857
"Less developed regions, excluding least developed countries",1980,590706.8
"Less developed regions, excluding least developed countries",1985,680231.96
"Less developed regions, excluding least developed countries",1990,739804.801
"Less developed regions, excluding least developed countries",1995,756297.499
"Less developed regions, excluding least developed countries",2000,792516.747
"Less developed regions, excluding least developed countries",2005,871678.362
"Less developed regions, excluding least developed countries",2010,895174.322
"Less developed regions, excluding least developed countries",2015,857699.35
"Less developed regions, excluding China",1950,222301.718
"Less developed regions, excluding China",1955,241818.872
"Less developed regions, excluding China",1960,259746.675
"Less developed regions, excluding China",1965,285621.913
"Less developed regions, excluding China",1970,338314.257
"Less developed regions, excluding China",1975,402576.85
"Less developed regions, excluding China",1980,463958.811
"Less developed regions, excluding China",1985,523431.857
"Less developed regions, excluding China",1990,582407.343
"Less developed regions, excluding China",1995,645495.941
"Less developed regions, excluding China",2000,718254.309
"Less developed regions, excluding China",2005,783810.433
"Less developed regions, excluding China",2010,826580.086
"Less developed regions, excluding China",2015,861906.829
High-income countries,1950,108901.658
High-income countries,1955,109845.079
High-income countries,1960,114362.157
High-income countries,1965,129167.434
High-income countries,1970,143015.57
High-income countries,1975,151633.308
High-income countries,1980,158466.372
High-income countries,1985,158467.124
High-income countries,1990,154241.137
High-income countries,1995,148532.829
High-income countries,2000,146396.205
High-income countries,2005,147606.761
High-income countries,2010,147357.008
High-income countries,2015,143588.784
Middle-income countries,1950,328710.541
Middle-income countries,1955,351062.619
Middle-income countries,1960,362720.144
Middle-income countries,1965,394970.776
Middle-income countries,1970,488890.275
Middle-income countries,1975,569677.724
Middle-income countries,1980,639199.657
Middle-income countries,1985,729210.37
Middle-income countries,1990,791070.205
Middle-income countries,1995,815140.415
Middle-income countries,2000,859462.55
Middle-income countries,2005,944545.847
Middle-income countries,2010,964367.481
Middle-income countries,2015,922668.793
Upper-middle-income countries,1950,178561.187
Upper-middle-income countries,1955,189615.31
Upper-middle-income countries,1960,192195.691
Upper-middle-income countries,1965,211342.207
Upper-middle-income countries,1970,271477.176
Upper-middle-income countries,1975,311373.086
Upper-middle-income countries,1980,342361.72
Upper-middle-income countries,1985,395067.051
Upper-middle-income countries,1990,419624.079
Upper-middle-income countries,1995,401951.55
Upper-middle-income countries,2000,396919.199
Upper-middle-income countries,2005,439403.152
Upper-middle-income countries,2010,433219.153
Upper-middle-income countries,2015,373116.155
Lower-middle-income countries,1950,150149.354
Lower-middle-income countries,1955,161447.309
Lower-middle-income countries,1960,170524.453
Lower-middle-income countries,1965,183628.569
Lower-middle-income countries,1970,217413.099
Lower-middle-income countries,1975,258304.638
Lower-middle-income countries,1980,296837.937
Lower-middle-income countries,1985,334143.319
Lower-middle-income countries,1990,371446.126
Lower-middle-income countries,1995,413188.865
Lower-middle-income countries,2000,462543.351
Lower-middle-income countries,2005,505142.695
Lower-middle-income countries,2010,531148.328
Lower-middle-income countries,2015,549552.638
Low-income countries,1950,24381.083
Low-income countries,1955,26674.964
Low-income countries,1960,29663.893
Low-income countries,1965,32639.043
Low-income countries,1970,36169.189
Low-income countries,1975,41448.63
Low-income countries,1980,47107.776
Low-income countries,1985,53526.318
Low-income countries,1990,61957.393
Low-income countries,1995,71431.94
Low-income countries,2000,82668.02
Low-income countries,2005,95850.387
Low-income countries,2010,109819.734
Low-income countries,2015,127818.234
Sub-Saharan Africa,1950,33920.451
Sub-Saharan Africa,1955,37195.479
Sub-Saharan Africa,1960,41223.955
Sub-Saharan Africa,1965,46137.839
Sub-Saharan Africa,1970,52563.646
Sub-Saharan Africa,1975,60502.403
Sub-Saharan Africa,1980,69569.277
Sub-Saharan Africa,1985,80424.027
Sub-Saharan Africa,1990,94121.491
Sub-Saharan Africa,1995,110585.752
Sub-Saharan Africa,2000,129031.045
Sub-Saharan Africa,2005,147576.721
Sub-Saharan Africa,2010,166880.813
Sub-Saharan Africa,2015,190808.033
AFRICA,1950,43588.284
AFRICA,1955,47431.158
AFRICA,1960,51884.638
AFRICA,1965,58305.122
AFRICA,1970,67663.548
AFRICA,1975,78677.251
AFRICA,1980,90941.377
AFRICA,1985,105028.025
AFRICA,1990,121655.427
AFRICA,1995,141974.303
AFRICA,2000,165080.253
AFRICA,2005,187447.28
AFRICA,2010,207591.656
AFRICA,2015,230510.571
Eastern Africa,1950,12741.021
Eastern Africa,1955,14000.617
Eastern Africa,1960,15509.543
Eastern Africa,1965,17706.551
Eastern Africa,1970,20590.352
Eastern Africa,1975,23948.929
Eastern Africa,1980,27720.456
Eastern Africa,1985,32332.863
Eastern Africa,1990,38227.777
Eastern Africa,1995,44351.765
Eastern Africa,2000,52558.268
Eastern Africa,2005,61088.262
Eastern Africa,2010,70064.557
Eastern Africa,2015,81431.278
Burundi,1950,439.169
Burundi,1955,466.69
Burundi,1960,498.011
Burundi,1965,535.315
Burundi,1970,640.484
Burundi,1975,744.505
Burundi,1980,848.289
Burundi,1985,888.993
Burundi,1990,940.705
Burundi,1995,1045.578
Burundi,2000,1266.184
Burundi,2005,1619.711
Burundi,2010,1893.429
Burundi,2015,2022.44
Comoros,1950,30.466
Comoros,1955,32.864
Comoros,1960,34.133
Comoros,1965,34.781
Comoros,1970,40.133
Comoros,1975,49.108
Comoros,1980,60.248
Comoros,1985,68.417
Comoros,1990,77.979
Comoros,1995,91.393
Comoros,2000,109.421
Comoros,2005,127.832
Comoros,2010,142.089
Comoros,2015,154.462
Djibouti,1950,11.947
Djibouti,1955,13.879
Djibouti,1960,17.005
Djibouti,1965,23.67
Djibouti,1970,29.987
Djibouti,1975,39.101
Djibouti,1980,73.209
Djibouti,1985,88.015
Djibouti,1990,116.016
Djibouti,1995,126.671
Djibouti,2000,146.866
Djibouti,2005,166.108
Djibouti,2010,184.885
Djibouti,2015,190.608
Eritrea,1950,218.299
Eritrea,1955,247.493
Eritrea,1960,280.367
Eritrea,1965,316.923
Eritrea,1970,338.072
Eritrea,1975,378
Eritrea,1980,447.437
Eritrea,1985,522.148
Eritrea,1990,587.203
Eritrea,1995,561.886
Eritrea,2000,733.39
Eritrea,2005,942.479
Eritrea,2010,939.028
Eritrea,2015,919.297
Ethiopia,1950,3411.648
Ethiopia,1955,3806.613
Ethiopia,1960,4288.546
Ethiopia,1965,4860.573
Ethiopia,1970,5371.774
Ethiopia,1975,5953.748
Ethiopia,1980,6192.052
Ethiopia,1985,7276.84
Ethiopia,1990,8872.241
Ethiopia,1995,10691.999
Ethiopia,2000,12917.857
Ethiopia,2005,15082.488
Ethiopia,2010,17673.336
Ethiopia,2015,21483.071
Kenya,1950,1149.547
Kenya,1955,1238.331
Kenya,1960,1281.495
Kenya,1965,1539.803
Kenya,1970,2048.306
Kenya,1975,2574.335
Kenya,1980,3123.814
Kenya,1985,3793.387
Kenya,1990,4653.212
Kenya,1995,5740.855
Kenya,2000,6851.999
Kenya,2005,7907.851
Kenya,2010,8530.101
Kenya,2015,9508.572
Madagascar,1950,773.718
Madagascar,1955,826.783
Madagascar,1960,857.971
Madagascar,1965,934.459
Madagascar,1970,1163.897
Madagascar,1975,1441.494
Madagascar,1980,1675.983
Madagascar,1985,1944.721
Madagascar,1990,2273.986
Madagascar,1995,2665.953
Madagascar,2000,3078.552
Madagascar,2005,3537.038
Madagascar,2010,4161.129
Madagascar,2015,4953.409
Malawi,1950,552.142
Malawi,1955,624.823
Malawi,1960,721.872
Malawi,1965,837.044
Malawi,1970,898.189
Malawi,1975,976.125
Malawi,1980,1151.347
Malawi,1985,1370.421
Malawi,1990,1820.699
Malawi,1995,1927.533
Malawi,2000,2225.108
Malawi,2005,2666.673
Malawi,2010,3188.234
Malawi,2015,3684.044
Mauritius,1950,94.407
Mauritius,1955,107.45
Mauritius,1960,123.321
Mauritius,1965,142.421
Mauritius,1970,164.26
Mauritius,1975,185.346
Mauritius,1980,205.384
Mauritius,1985,222.849
Mauritius,1990,224.426
Mauritius,1995,214.934
Mauritius,2000,213.015
Mauritius,2005,192.557
Mauritius,2010,199.337
Mauritius,2015,197.692
Mayotte,1950,1.91
Mayotte,1955,2.823
Mayotte,1960,4.02
Mayotte,1965,5.373
Mayotte,1970,6.573
Mayotte,1975,8.062
Mayotte,1980,10.063
Mayotte,1985,14.002
Mayotte,1990,18.74
Mayotte,1995,25.108
Mayotte,2000,31.213
Mayotte,2005,36.855
Mayotte,2010,40.116
Mayotte,2015,43.755
Mozambique,1950,1164.017
Mozambique,1955,1259.317
Mozambique,1960,1375.701
Mozambique,1965,1505.964
Mozambique,1970,1701.13
Mozambique,1975,1962.876
Mozambique,1980,2259.211
Mozambique,1985,2451.603
Mozambique,1990,2592.644
Mozambique,1995,3055.138
Mozambique,2000,3524.7
Mozambique,2005,4038.154
Mozambique,2010,4654.153
Mozambique,2015,5524.645
Réunion,1950,45.833
Réunion,1955,48.961
Réunion,1960,55.232
Réunion,1965,69.409
Réunion,1970,84.895
Réunion,1975,102.392
Réunion,1980,116.007
Réunion,1985,124.63
Réunion,1990,130.289
Réunion,1995,122.89
Réunion,2000,123.154
Réunion,2005,138.191
Réunion,2010,135.73
Réunion,2015,126.961
Rwanda,1950,466.801
Rwanda,1955,476.089
Rwanda,1960,489.828
Rwanda,1965,558.057
Rwanda,1970,751.604
Rwanda,1975,903.413
Rwanda,1980,1015.384
Rwanda,1985,1122.017
Rwanda,1990,1345.434
Rwanda,1995,1279.286
Rwanda,2000,1730.344
Rwanda,2005,2104.146
Rwanda,2010,2136.45
Rwanda,2015,2213.361
Seychelles,1950,6.11
Seychelles,1955,6.453
Seychelles,1960,6.615
Seychelles,1965,7.003
Seychelles,1970,8.652
Seychelles,1975,12.27
Seychelles,1980,14.113
Seychelles,1985,14.971
Seychelles,1990,14.031
Seychelles,1995,15.057
Seychelles,2000,15.588
Seychelles,2005,15.702
Seychelles,2010,15.067
Seychelles,2015,12.352
Somalia,1950,413.28
Somalia,1955,457.106
Somalia,1960,501.118
Somalia,1965,558.569
Somalia,1970,644.745
Somalia,1975,731.038
Somalia,1980,1207.65
Somalia,1985,1308.187
Somalia,1990,1433.045
Somalia,1995,1438.92
Somalia,2000,1594.358
Somalia,2005,1861.926
Somalia,2010,2286.09
Somalia,2015,2766.631
South Sudan,1950,487.682
South Sudan,1955,540.674
South Sudan,1960,598.328
South Sudan,1965,650.555
South Sudan,1970,661.379
South Sudan,1975,720.809
South Sudan,1980,866.555
South Sudan,1985,1043.466
South Sudan,1990,1113.121
South Sudan,1995,1041.662
South Sudan,2000,1256.895
South Sudan,2005,1556.299
South Sudan,2010,2009.518
South Sudan,2015,2419.704
Uganda,1950,1039.305
Uganda,1955,1077.614
Uganda,1960,1195.086
Uganda,1965,1468.211
Uganda,1970,1769.351
Uganda,1975,2057.601
Uganda,1980,2385.304
Uganda,1985,2811.628
Uganda,1990,3371.743
Uganda,1995,4009.445
Uganda,2000,4767.045
Uganda,2005,5701.168
Uganda,2010,6841.116
Uganda,2015,8186.954
United Republic of Tanzania,1950,1470.786
United Republic of Tanzania,1955,1679.695
United Republic of Tanzania,1960,1928.985
United Republic of Tanzania,1965,2247.048
United Republic of Tanzania,1970,2579.485
United Republic of Tanzania,1975,3007.888
United Republic of Tanzania,1980,3552.406
United Republic of Tanzania,1985,4196.646
United Republic of Tanzania,1990,4970.184
United Republic of Tanzania,1995,5964.375
United Republic of Tanzania,2000,6907.171
United Republic of Tanzania,2005,7834.615
United Republic of Tanzania,2010,9032.556
United Republic of Tanzania,2015,10443.731
Zambia,1950,441.547
Zambia,1955,502.635
Zambia,1960,574.759
Zambia,1965,660.587
Zambia,1970,762.484
Zambia,1975,914.261
Zambia,1980,1114.293
Zambia,1985,1346.261
Zambia,1990,1601.408
Zambia,1995,1896.319
Zambia,2000,2209.598
Zambia,2005,2482.147
Zambia,2010,2820.613
Zambia,2015,3313.496
Zimbabwe,1950,522.407
Zimbabwe,1955,584.324
Zimbabwe,1960,677.15
Zimbabwe,1965,750.786
Zimbabwe,1970,924.952
Zimbabwe,1975,1186.557
Zimbabwe,1980,1401.707
Zimbabwe,1985,1723.661
Zimbabwe,1990,2070.671
Zimbabwe,1995,2436.763
Zimbabwe,2000,2855.81
Zimbabwe,2005,3076.322
Zimbabwe,2010,3181.58
Zimbabwe,2015,3266.093
Middle Africa,1950,4959.493
Middle Africa,1955,5444.858
Middle Africa,1960,5996.316
Middle Africa,1965,6630.596
Middle Africa,1970,7551.923
Middle Africa,1975,8643.724
Middle Africa,1980,9914.273
Middle Africa,1985,11468.211
Middle Africa,1990,13378.577
Middle Africa,1995,16050.794
Middle Africa,2000,18644.3
Middle Africa,2005,21847.242
Middle Africa,2010,25435.035
Middle Africa,2015,29521.898
Angola,1950,884.29
Angola,1955,937.557
Angola,1960,975.35
Angola,1965,1019.386
Angola,1970,1240.905
Angola,1975,1509.694
Angola,1980,1696.733
Angola,1985,1985.595
Angola,1990,2296.215
Angola,1995,2783.723
Angola,2000,3246.453
Angola,2005,3835.199
Angola,2010,4520.796
Angola,2015,5329.04
Cameroon,1950,808.485
Cameroon,1955,879.21
Cameroon,1960,950.809
Cameroon,1965,1036.856
Cameroon,1970,1161.656
Cameroon,1975,1318.386
Cameroon,1980,1534.454
Cameroon,1985,1823.538
Cameroon,1990,2169.982
Cameroon,1995,2579.808
Cameroon,2000,3088.326
Cameroon,2005,3630.078
Cameroon,2010,4090.376
Cameroon,2015,4523.16
Central African Republic,1950,239.75
Central African Republic,1955,251.806
Central African Republic,1960,266.847
Central African Republic,1965,286.013
Central African Republic,1970,316.282
Central African Republic,1975,357.076
Central African Republic,1980,416.149
Central African Republic,1985,488.185
Central African Republic,1990,544.316
Central African Republic,1995,642.662
Central African Republic,2000,743.877
Central African Republic,2005,836.161
Central African Republic,2010,899.196
Central African Republic,2015,926.166
Chad,1950,452.554
Chad,1955,486.757
Chad,1960,525.62
Chad,1965,569.715
Chad,1970,660.782
Chad,1975,766.264
Chad,1980,823.006
Chad,1985,910.421
Chad,1990,1082.352
Chad,1995,1308.046
Chad,2000,1581.306
Chad,2005,1939.054
Chad,2010,2350.843
Chad,2015,2843.537
Congo,1950,154.494
Congo,1955,169.572
Congo,1960,187.763
Congo,1965,210.368
Congo,1970,242.657
Congo,1975,287.33
Congo,1980,338.524
Congo,1985,404.447
Congo,1990,481.229
Congo,1995,569.773
Congo,2000,652.723
Congo,2005,722.74
Congo,2010,808.124
Congo,2015,900.179
Democratic Republic of the Congo,1950,2291.67
Democratic Republic of the Congo,1955,2589.509
Democratic Republic of the Congo,1960,2956.043
Democratic Republic of the Congo,1965,3365.437
Democratic Republic of the Congo,1970,3771.375
Democratic Republic of the Congo,1975,4242.12
Democratic Republic of the Congo,1980,4926.549
Democratic Republic of the Congo,1985,5631.91
Democratic Republic of the Congo,1990,6541.253
Democratic Republic of the Congo,1995,7853.277
Democratic Republic of the Congo,2000,8946.135
Democratic Republic of the Congo,2005,10424.971
Democratic Republic of the Congo,2010,12232.87
Democratic Republic of the Congo,2015,14391.765
Equatorial Guinea,1950,40.009
Equatorial Guinea,1955,41.565
Equatorial Guinea,1960,43.283
Equatorial Guinea,1965,46.505
Equatorial Guinea,1970,54.688
Equatorial Guinea,1975,49.251
Equatorial Guinea,1980,47.44
Equatorial Guinea,1985,65.383
Equatorial Guinea,1990,73.165
Equatorial Guinea,1995,86.863
Equatorial Guinea,2000,119.034
Equatorial Guinea,2005,146.117
Equatorial Guinea,2010,174.017
Equatorial Guinea,2015,210.332
Gabon,1950,77.294
Gabon,1955,78.167
Gabon,1960,78.858
Gabon,1965,83.96
Gabon,1970,89.604
Gabon,1975,97.907
Gabon,1980,113.624
Gabon,1985,138.685
Gabon,1990,167.95
Gabon,1995,199.273
Gabon,2000,236.281
Gabon,2005,280.664
Gabon,2010,323.24
Gabon,2015,359.664
Sao Tome and Principe,1950,10.947
Sao Tome and Principe,1955,10.715
Sao Tome and Principe,1960,11.743
Sao Tome and Principe,1965,12.356
Sao Tome and Principe,1970,13.974
Sao Tome and Principe,1975,15.696
Sao Tome and Principe,1980,17.794
Sao Tome and Principe,1985,20.047
Sao Tome and Principe,1990,22.115
Sao Tome and Principe,1995,27.369
Sao Tome and Principe,2000,30.165
Sao Tome and Principe,2005,32.258
Sao Tome and Principe,2010,35.573
Sao Tome and Principe,2015,38.055
Northern Africa,1950,9667.833
Northern Africa,1955,10235.679
Northern Africa,1960,10660.683
Northern Africa,1965,12167.283
Northern Africa,1970,15099.902
Northern Africa,1975,18174.848
Northern Africa,1980,21372.1
Northern Africa,1985,24603.998
Northern Africa,1990,27533.936
Northern Africa,1995,31388.551
Northern Africa,2000,36049.208
Northern Africa,2005,39870.559
Northern Africa,2010,40710.843
Northern Africa,2015,39702.538
Algeria,1950,1724.431
Algeria,1955,1874.828
Algeria,1960,1988.883
Algeria,1965,2089.805
Algeria,1970,2687.809
Algeria,1975,3361.1
Algeria,1980,3914.128
Algeria,1985,4576.179
Algeria,1990,5329.965
Algeria,1995,6224.881
Algeria,2000,7092.796
Algeria,2005,7645.623
Algeria,2010,7485.885
Algeria,2015,6614.548
Egypt,1950,4032.14
Egypt,1955,4162.36
Egypt,1960,4230.995
Egypt,1965,5274.859
Egypt,1970,6569.197
Egypt,1975,7351.586
Egypt,1980,8434.737
Egypt,1985,9537.362
Egypt,1990,10457.105
Egypt,1995,11927.115
Egypt,2000,14263.356
Egypt,2005,16552.406
Egypt,2010,17054.002
Egypt,2015,16343.18
Libya,1950,206.564
Libya,1955,221.732
Libya,1960,258.563
Libya,1965,295.92
Libya,1970,354.046
Libya,1975,442.746
Libya,1980,563.607
Libya,1985,761.395
Libya,1990,948.199
Libya,1995,1110.253
Libya,2000,1210.109
Libya,2005,1274.534
Libya,2010,1234.626
Libya,2015,1080.213
Morocco,1950,1989.472
Morocco,1955,2054.358
Morocco,1960,2086.168
Morocco,1965,2184.504
Morocco,1970,2665.605
Morocco,1975,3581.144
Morocco,1980,4362.409
Morocco,1985,4857.335
Morocco,1990,5118.85
Morocco,1995,5460.912
Morocco,2000,6032.534
Morocco,2005,6210.852
Morocco,2010,6208.923
Morocco,2015,6045.451
Sudan,1950,1074.271
Sudan,1955,1220.829
Sudan,1960,1397.635
Sudan,1965,1626.079
Sudan,1970,1916.373
Sudan,1975,2267.343
Sudan,1980,2734.004
Sudan,1985,3329.354
Sudan,1990,4019.933
Sudan,1995,4819.942
Sudan,2000,5417.573
Sudan,2005,6010.371
Sudan,2010,6639.935
Sudan,2015,7771.618
Tunisia,1950,638.339
Tunisia,1955,696.734
Tunisia,1960,690.929
Tunisia,1965,685.147
Tunisia,1970,892.088
Tunisia,1975,1155.738
Tunisia,1980,1330.758
Tunisia,1985,1508.595
Tunisia,1990,1619.954
Tunisia,1995,1796.76
Tunisia,2000,1969.45
Tunisia,2005,2089.192
Tunisia,2010,1993.468
Tunisia,2015,1752.593
Western Sahara,1950,2.616
Western Sahara,1955,4.838
Western Sahara,1960,7.51
Western Sahara,1965,10.969
Western Sahara,1970,14.784
Western Sahara,1975,15.191
Western Sahara,1980,32.457
Western Sahara,1985,33.778
Western Sahara,1990,39.93
Western Sahara,1995,48.688
Western Sahara,2000,63.39
Western Sahara,2005,87.581
Western Sahara,2010,94.004
Western Sahara,2015,94.935
Southern Africa,1950,2893.051
Southern Africa,1955,3147.539
Southern Africa,1960,3503.223
Southern Africa,1965,3970.582
Southern Africa,1970,4806.314
Southern Africa,1975,5774.2
Southern Africa,1980,6562.802
Southern Africa,1985,7447.113
Southern Africa,1990,8508.605
Southern Africa,1995,9778.48
Southern Africa,2000,10863.039
Southern Africa,2005,11646.305
Southern Africa,2010,11926.072
Southern Africa,2015,12026.797
Botswana,1950,81.35
Botswana,1955,93.381
Botswana,1960,97.455
Botswana,1965,103.361
Botswana,1970,132.302
Botswana,1975,171.101
Botswana,1980,201.716
Botswana,1985,231.859
Botswana,1990,275.06
Botswana,1995,334.377
Botswana,2000,395.796
Botswana,2005,424.211
Botswana,2010,427.401
Botswana,2015,429.435
Lesotho,1950,133.086
Lesotho,1955,141.81
Lesotho,1960,158.647
Lesotho,1965,177.961
Lesotho,1970,202.046
Lesotho,1975,225.409
Lesotho,1980,260.749
Lesotho,1985,290.97
Lesotho,1990,324.915
Lesotho,1995,369.408
Lesotho,2000,402.69
Lesotho,2005,440.508
Lesotho,2010,460.461
Lesotho,2015,482.995
Namibia,1950,90.548
Namibia,1955,94.841
Namibia,1960,106.484
Namibia,1965,123.813
Namibia,1970,145.028
Namibia,1975,168.836
Namibia,1980,186.838
Namibia,1985,221.123
Namibia,1990,292.455
Namibia,1995,343.797
Namibia,2000,387.341
Namibia,2005,417.379
Namibia,2010,470.968
Namibia,2015,519.049
South Africa,1950,2536.135
South Africa,1955,2760.274
South Africa,1960,3076.087
South Africa,1965,3492.284
South Africa,1970,4241.657
South Africa,1975,5111.64
South Africa,1980,5798.429
South Africa,1985,6568.532
South Africa,1990,7446.782
South Africa,1995,8542.06
South Africa,2000,9447.38
South Africa,2005,10105.109
South Africa,2010,10274.504
South Africa,2015,10296.412
Swaziland,1950,51.932
Swaziland,1955,57.233
Swaziland,1960,64.55
Swaziland,1965,73.163
Swaziland,1970,85.281
Swaziland,1975,97.214
Swaziland,1980,115.07
Swaziland,1985,134.629
Swaziland,1990,169.393
Swaziland,1995,188.838
Swaziland,2000,229.832
Swaziland,2005,259.098
Swaziland,2010,292.738
Swaziland,2015,298.906
Western Africa,1950,13326.886
Western Africa,1955,14602.465
Western Africa,1960,16214.873
Western Africa,1965,17830.11
Western Africa,1970,19615.057
Western Africa,1975,22135.55
Western Africa,1980,25371.746
Western Africa,1985,29175.84
Western Africa,1990,34006.532
Western Africa,1995,40404.713
Western Africa,2000,46965.438
Western Africa,2005,52994.912
Western Africa,2010,59455.149
Western Africa,2015,67828.06
Benin,1950,362.236
Benin,1955,391.588
Benin,1960,441.2
Benin,1965,475.516
Benin,1970,512.374
Benin,1975,582.45
Benin,1980,677.736
Benin,1985,797.101
Benin,1990,937.057
Benin,1995,1126.855
Benin,2000,1323.219
Benin,2005,1559.602
Benin,2010,1813.255
Benin,2015,2098.709
Burkina Faso,1950,832.133
Burkina Faso,1955,867.255
Burkina Faso,1960,934.157
Burkina Faso,1965,992.263
Burkina Faso,1970,1064.132
Burkina Faso,1975,1173.614
Burkina Faso,1980,1308.024
Burkina Faso,1985,1488.388
Burkina Faso,1990,1710.303
Burkina Faso,1995,2005.063
Burkina Faso,2000,2363.169
Burkina Faso,2005,2718.074
Burkina Faso,2010,3111.584
Burkina Faso,2015,3610.141
Cabo Verde,1950,37.772
Cabo Verde,1955,38.861
Cabo Verde,1960,30.975
Cabo Verde,1965,29.38
Cabo Verde,1970,45.125
Cabo Verde,1975,54.534
Cabo Verde,1980,64.512
Cabo Verde,1985,74.979
Cabo Verde,1990,68.109
Cabo Verde,1995,73.862
Cabo Verde,2000,88.37
Cabo Verde,2005,109.076
Cabo Verde,2010,112.77
Cabo Verde,2015,114.302
Côte d'Ivoire,1950,515.15
Côte d'Ivoire,1955,593.043
Côte d'Ivoire,1960,667.916
Côte d'Ivoire,1965,758.751
Côte d'Ivoire,1970,888.192
Côte d'Ivoire,1975,1155.821
Côte d'Ivoire,1980,1453.32
Côte d'Ivoire,1985,1805.093
Côte d'Ivoire,1990,2222.359
Côte d'Ivoire,1995,2785.848
Côte d'Ivoire,2000,3261.482
Côte d'Ivoire,2005,3519.25
Côte d'Ivoire,2010,3984.364
Côte d'Ivoire,2015,4670.605
Gambia,1950,51.289
Gambia,1955,64.88
Gambia,1960,72.817
Gambia,1965,77.346
Gambia,1970,85.072
Gambia,1975,98.798
Gambia,1980,115.223
Gambia,1985,136.373
Gambia,1990,183.403
Gambia,1995,203.935
Gambia,2000,254.717
Gambia,2005,289.157
Gambia,2010,331.169
Gambia,2015,392.349
Ghana,1950,954.655
Ghana,1955,1100.485
Ghana,1960,1294.977
Ghana,1965,1513.592
Ghana,1970,1606.763
Ghana,1975,1791.954
Ghana,1980,2063.641
Ghana,1985,2525.641
Ghana,1990,2951.875
Ghana,1995,3379.581
Ghana,2000,3816.009
Ghana,2005,4358.212
Ghana,2010,4915.405
Ghana,2015,5441.059
Guinea,1950,568.759
Guinea,1955,600.18
Guinea,1960,639.643
Guinea,1965,678.764
Guinea,1970,783.655
Guinea,1975,851.379
Guinea,1980,854.109
Guinea,1985,926.164
Guinea,1990,1083.086
Guinea,1995,1437.572
Guinea,2000,1657.417
Guinea,2005,1869.934
Guinea,2010,2120.184
Guinea,2015,2396.354
Guinea-Bissau,1950,96.918
Guinea-Bissau,1955,97.079
Guinea-Bissau,1960,106.245
Guinea-Bissau,1965,116.935
Guinea-Bissau,1970,135.053
Guinea-Bissau,1975,149.105
Guinea-Bissau,1980,149.532
Guinea-Bissau,1985,157.958
Guinea-Bissau,1990,180.617
Guinea-Bissau,1995,215.482
Guinea-Bissau,2000,251.685
Guinea-Bissau,2005,288.787
Guinea-Bissau,2010,324.241
Guinea-Bissau,2015,355.279
Liberia,1950,182.212
Liberia,1955,199.83
Liberia,1960,222.23
Liberia,1965,233.509
Liberia,1970,255.4
Liberia,1975,299.698
Liberia,1980,350.328
Liberia,1985,408.595
Liberia,1990,399.765
Liberia,1995,409.586
Liberia,2000,579.276
Liberia,2005,643.723
Liberia,2010,750.733
Liberia,2015,865.594
Mali,1950,868.976
Mali,1955,888.933
Mali,1960,966.04
Mali,1965,1028.125
Mali,1970,1115.792
Mali,1975,1237.452
Mali,1980,1324.754
Mali,1985,1468.161
Mali,1990,1624.135
Mali,1995,1926.446
Mali,2000,2221.984
Mali,2005,2529.05
Mali,2010,2895.572
Mali,2015,3341.183
Mauritania,1950,131.58
Mauritania,1955,145.546
Mauritania,1960,161.518
Mauritania,1965,180.619
Mauritania,1970,209.82
Mauritania,1975,254.346
Mauritania,1980,303.699
Mauritania,1985,352.112
Mauritania,1990,403.93
Mauritania,1995,465.024
Mauritania,2000,544.509
Mauritania,2005,625.434
Mauritania,2010,711.293
Mauritania,2015,811.324
Niger,1950,499.212
Niger,1955,585.455
Niger,1960,680.433
Niger,1965,761.723
Niger,1970,856.859
Niger,1975,955.955
Niger,1980,1018.315
Niger,1985,1271.902
Niger,1990,1375.936
Niger,1995,1694.011
Niger,2000,1991.367
Niger,2005,2351.878
Niger,2010,2851.171
Niger,2015,3581.932
Nigeria,1950,7119.524
Nigeria,1955,7830.178
Nigeria,1960,8687.102
Nigeria,1965,9552.363
Nigeria,1970,10398.608
Nigeria,1975,11639.324
Nigeria,1980,13576.364
Nigeria,1985,15274.373
Nigeria,1990,17868.875
Nigeria,1995,21217.96
Nigeria,2000,24582.324
Nigeria,2005,27439.502
Nigeria,2010,30315.472
Nigeria,2015,34320.408
Senegal,1950,468.346
Senegal,1955,520.592
Senegal,1960,578.891
Senegal,1965,645.715
Senegal,1970,776.348
Senegal,1975,923.961
Senegal,1980,1021.881
Senegal,1985,1198.251
Senegal,1990,1455.094
Senegal,1995,1758.856
Senegal,2000,2064.332
Senegal,2005,2378.731
Senegal,2010,2650.187
Senegal,2015,2955.03
Sierra Leone,1950,381.78
Sierra Leone,1955,404.841
Sierra Leone,1960,434.955
Sierra Leone,1965,466.252
Sierra Leone,1970,490.717
Sierra Leone,1975,524.764
Sierra Leone,1980,587.952
Sierra Leone,1985,678.526
Sierra Leone,1990,808.216
Sierra Leone,1995,842.273
Sierra Leone,2000,923.163
Sierra Leone,2005,1138.993
Sierra Leone,2010,1281.29
Sierra Leone,2015,1453.548
Togo,1950,255.585
Togo,1955,272.846
Togo,1960,294.852
Togo,1965,318.254
Togo,1970,390.094
Togo,1975,441.273
Togo,1980,501.234
Togo,1985,611.104
Togo,1990,732.659
Togo,1995,861.405
Togo,2000,1041.509
Togo,2005,1175.032
Togo,2010,1285.827
Togo,2015,1419.472
ASIA,1950,262979.159
ASIA,1955,281773.397
ASIA,1960,294144.103
ASIA,1965,323971.343
ASIA,1970,397718.679
ASIA,1975,459828.449
ASIA,1980,515877.542
ASIA,1985,595775.413
ASIA,1990,646411.185
ASIA,1995,650252.673
ASIA,2000,672695.145
ASIA,2005,741951.269
ASIA,2010,757416.321
ASIA,2015,717102.354
Eastern Asia,1950,122175.477
Eastern Asia,1955,129767.86
Eastern Asia,1960,133650.672
Eastern Asia,1965,150506.548
Eastern Asia,1970,190620.25
Eastern Asia,1975,211470.58
Eastern Asia,1980,229627.856
Eastern Asia,1985,273549.268
Eastern Asia,1990,289574.436
Eastern Asia,1995,257000.15
Eastern Asia,2000,235166.807
Eastern Asia,2005,264880.137
Eastern Asia,2010,260419.846
Eastern Asia,2015,209446.192
China,1950,98504.689
China,1955,104117.292
China,1960,106116.7
China,1965,119664.524
China,1970,158089.981
China,1975,178658.714
China,1980,195830.626
China,1985,238119.929
China,1990,251976.411
China,1995,220708.482
China,2000,202459.959
China,2005,234801.662
China,2010,232295.978
China,2015,182107.622
"China, Hong Kong SAR",1950,448.2
"China, Hong Kong SAR",1955,408.39
"China, Hong Kong SAR",1960,358.057
"China, Hong Kong SAR",1965,490.572
"China, Hong Kong SAR",1970,730.505
"China, Hong Kong SAR",1975,955.161
"China, Hong Kong SAR",1980,1147.211
"China, Hong Kong SAR",1985,1023.53
"China, Hong Kong SAR",1990,945.011
"China, Hong Kong SAR",1995,858.313
"China, Hong Kong SAR",2000,917.65
"China, Hong Kong SAR",2005,898.722
"China, Hong Kong SAR",2010,883.206
"China, Hong Kong SAR",2015,809.364
"China, Macao SAR",1950,41.367
"China, Macao SAR",1955,28.451
"China, Macao SAR",1960,20.466
"China, Macao SAR",1965,30.461
"China, Macao SAR",1970,59.34
"China, Macao SAR",1975,69.747
"China, Macao SAR",1980,59.148
"China, Macao SAR",1985,55.992
"China, Macao SAR",1990,53.944
"China, Macao SAR",1995,51.826
"China, Macao SAR",2000,60.768
"China, Macao SAR",2005,91.518
"China, Macao SAR",2010,98.198
"China, Macao SAR",2015,79.292
"China, Taiwan Province of China",1950,1493.249
"China, Taiwan Province of China",1955,1601.058
"China, Taiwan Province of China",1960,1838.58
"China, Taiwan Province of China",1965,2243.865
"China, Taiwan Province of China",1970,3136.021
"China, Taiwan Province of China",1975,3925.518
"China, Taiwan Province of China",1980,3948.524
"China, Taiwan Province of China",1985,3922.536
"China, Taiwan Province of China",1990,3703.7
"China, Taiwan Province of China",1995,3759.285
"China, Taiwan Province of China",2000,3836.924
"China, Taiwan Province of China",2005,3476.555
"China, Taiwan Province of China",2010,3205.641
"China, Taiwan Province of China",2015,3129.339
Dem. People's Republic of Korea,1950,2065.894
Dem. People's Republic of Korea,1955,2345.145
Dem. People's Republic of Korea,1960,2761.26
Dem. People's Republic of Korea,1965,2740.323
Dem. People's Republic of Korea,1970,2269.749
Dem. People's Republic of Korea,1975,2769.457
Dem. People's Republic of Korea,1980,3503.955
Dem. People's Republic of Korea,1985,4033.439
Dem. People's Republic of Korea,1990,4660.99
Dem. People's Republic of Korea,1995,3974.76
Dem. People's Republic of Korea,2000,3515.545
Dem. People's Republic of Korea,2005,3766.897
Dem. People's Republic of Korea,2010,3912.311
Dem. People's Republic of Korea,2015,3958.212
Japan,1950,16209.542
Japan,1955,16968.205
Japan,1960,17843.902
Japan,1965,20093.285
Japan,1970,20156.179
Japan,1975,17398.247
Japan,1980,16272.404
Japan,1985,17259.378
Japan,1990,18911.555
Japan,1995,18752.937
Japan,2000,16063.086
Japan,2005,14358.542
Japan,2010,12871.551
Japan,2015,12118.745
Mongolia,1950,135.918
Mongolia,1955,146.055
Mongolia,1960,153.808
Mongolia,1965,161.408
Mongolia,1970,195.292
Mongolia,1975,252.627
Mongolia,1980,332.098
Mongolia,1985,405.6
Mongolia,1990,457.608
Mongolia,1995,480.189
Mongolia,2000,508.944
Mongolia,2005,584.096
Mongolia,2010,589.436
Mongolia,2015,499.935
Republic of Korea,1950,3276.618
Republic of Korea,1955,4153.264
Republic of Korea,1960,4557.899
Republic of Korea,1965,5082.11
Republic of Korea,1970,5983.183
Republic of Korea,1975,7441.109
Republic of Korea,1980,8533.89
Republic of Korea,1985,8728.864
Republic of Korea,1990,8865.217
Republic of Korea,1995,8414.358
Republic of Korea,2000,7803.931
Republic of Korea,2005,6902.145
Republic of Korea,2010,6563.525
Republic of Korea,2015,6743.683
South-Central Asia,1950,98568.462
South-Central Asia,1955,105515.355
South-Central Asia,1960,111303.414
South-Central Asia,1965,119800.896
South-Central Asia,1970,141535.974
South-Central Asia,1975,166867.986
South-Central Asia,1980,191137.807
South-Central Asia,1985,214234.185
South-Central Asia,1990,237027.825
South-Central Asia,1995,263860.671
South-Central Asia,2000,297830.139
South-Central Asia,2005,329399.006
South-Central Asia,2010,344026.914
South-Central Asia,2015,351977.229
Central Asia,1950,3599.629
Central Asia,1955,4092.517
Central Asia,1960,4091.456
Central Asia,1965,3884.1
Central Asia,1970,5380.03
Central Asia,1975,7463.232
Central Asia,1980,8718.501
Central Asia,1985,9114.207
Central Asia,1990,9158.579
Central Asia,1995,9805.584
Central Asia,2000,10767.083
Central Asia,2005,12417.703
Central Asia,2010,13486.583
Central Asia,2015,12459.06
Kazakhstan,1950,1317.185
Kazakhstan,1955,1682.284
Kazakhstan,1960,1862.268
Kazakhstan,1965,1721.969
Kazakhstan,1970,2241.242
Kazakhstan,1975,2892.656
Kazakhstan,1980,3065.531
Kazakhstan,1985,2976.661
Kazakhstan,1990,2765.561
Kazakhstan,1995,2748.214
Kazakhstan,2000,2705.157
Kazakhstan,2005,3047.2
Kazakhstan,2010,3162.519
Kazakhstan,2015,2645.177
Kyrgyzstan,1950,359.499
Kyrgyzstan,1955,376.961
Kyrgyzstan,1960,337.969
Kyrgyzstan,1965,313.163
Kyrgyzstan,1970,461.64
Kyrgyzstan,1975,644.291
Kyrgyzstan,1980,757.281
Kyrgyzstan,1985,794.979
Kyrgyzstan,1990,792.422
Kyrgyzstan,1995,839.456
Kyrgyzstan,2000,958.048
Kyrgyzstan,2005,1081.682
Kyrgyzstan,2010,1212.401
Kyrgyzstan,2015,1078.073
Tajikistan,1950,334.806
Tajikistan,1955,375.131
Tajikistan,1960,346.181
Tajikistan,1965,314.986
Tajikistan,1970,449.073
Tajikistan,1975,651.026
Tajikistan,1980,799.817
Tajikistan,1985,910.693
Tajikistan,1990,991.161
Tajikistan,1995,1080.902
Tajikistan,2000,1247.905
Tajikistan,2005,1522.993
Tajikistan,2010,1701.784
Tajikistan,2015,1712.198
Turkmenistan,1950,243.598
Turkmenistan,1955,266.908
Turkmenistan,1960,258.253
Turkmenistan,1965,253.407
Turkmenistan,1970,357.644
Turkmenistan,1975,507.821
Turkmenistan,1980,615.458
Turkmenistan,1985,673.894
Turkmenistan,1990,716.244
Turkmenistan,1995,811.295
Turkmenistan,2000,906.054
Turkmenistan,2005,1011.238
Turkmenistan,2010,1102.836
Turkmenistan,2015,1020.58
Uzbekistan,1950,1344.541
Uzbekistan,1955,1391.233
Uzbekistan,1960,1286.785
Uzbekistan,1965,1280.575
Uzbekistan,1970,1870.431
Uzbekistan,1975,2767.438
Uzbekistan,1980,3480.414
Uzbekistan,1985,3757.98
Uzbekistan,1990,3893.191
Uzbekistan,1995,4325.717
Uzbekistan,2000,4949.919
Uzbekistan,2005,5754.59
Uzbekistan,2010,6307.043
Uzbekistan,2015,6003.032
Southern Asia,1950,94968.833
Southern Asia,1955,101422.838
Southern Asia,1960,107211.958
Southern Asia,1965,115916.796
Southern Asia,1970,136155.944
Southern Asia,1975,159404.754
Southern Asia,1980,182419.306
Southern Asia,1985,205119.978
Southern Asia,1990,227869.246
Southern Asia,1995,254055.087
Southern Asia,2000,287063.056
Southern Asia,2005,316981.303
Southern Asia,2010,330540.331
Southern Asia,2015,339518.169
Afghanistan,1950,1476.233
Afghanistan,1955,1581.65
Afghanistan,1960,1724.457
Afghanistan,1965,1907.927
Afghanistan,1970,2085.67
Afghanistan,1975,2334.817
Afghanistan,1980,2506.146
Afghanistan,1985,2227.805
Afghanistan,1990,2328.369
Afghanistan,1995,3289.849
Afghanistan,2000,3835.756
Afghanistan,2005,4979.439
Afghanistan,2010,5476.278
Afghanistan,2015,7062.361
Bangladesh,1950,7130.367
Bangladesh,1955,8047.184
Bangladesh,1960,9058.681
Bangladesh,1965,10081.183
Bangladesh,1970,11223.958
Bangladesh,1975,11417.351
Bangladesh,1980,15491.721
Bangladesh,1985,19323.458
Bangladesh,1990,21832.383
Bangladesh,1995,24320.506
Bangladesh,2000,27607.395
Bangladesh,2005,29814.381
Bangladesh,2010,30499.669
Bangladesh,2015,31320.072
Bhutan,1950,33.819
Bhutan,1955,38.801
Bhutan,1960,43.972
Bhutan,1965,50.042
Bhutan,1970,54.887
Bhutan,1975,61.127
Bhutan,1980,73.042
Bhutan,1985,86.012
Bhutan,1990,102.884
Bhutan,1995,99.281
Bhutan,2000,119.36
Bhutan,2005,150.928
Bhutan,2010,160.52
Bhutan,2015,156.758
India,1950,72869.121
India,1955,77131.242
India,1960,80478.55
India,1965,86428.543
India,1970,102912.859
India,1975,121988.743
India,1980,136157.093
India,1985,150527.886
India,1990,166051.139
India,1995,183570.402
India,2000,204440.193
India,2005,223086.269
India,2010,233654.031
India,2015,241513.478
Iran (Islamic Republic of),1950,3316.95
Iran (Islamic Republic of),1955,3485.967
Iran (Islamic Republic of),1960,3485.722
Iran (Islamic Republic of),1965,3896.8
Iran (Islamic Republic of),1970,5233.511
Iran (Islamic Republic of),1975,6602.483
Iran (Islamic Republic of),1980,7676.314
Iran (Islamic Republic of),1985,8879.241
Iran (Islamic Republic of),1990,10462.34
Iran (Islamic Republic of),1995,12082.403
Iran (Islamic Republic of),2000,15695.046
Iran (Islamic Republic of),2005,18456.373
Iran (Islamic Republic of),2010,16350.148
Iran (Islamic Republic of),2015,12610.917
Maldives,1950,15.476
Maldives,1955,18.298
Maldives,1960,19.505
Maldives,1965,17.889
Maldives,1970,16.329
Maldives,1975,22.671
Maldives,1980,30.713
Maldives,1985,37.16
Maldives,1990,42.14
Maldives,1995,47.928
Maldives,2000,60.645
Maldives,2005,81.341
Maldives,2010,89.304
Maldives,2015,77.349
Nepal,1950,1698.63
Nepal,1955,1778.644
Nepal,1960,1878.082
Nepal,1965,1952.304
Nepal,1970,2259.385
Nepal,1975,2629.705
Nepal,1980,2837.357
Nepal,1985,3130.926
Nepal,1990,3531.697
Nepal,1995,4203.134
Nepal,2000,4633.384
Nepal,2005,4803.856
Nepal,2010,5297.935
Nepal,2015,5965.517
Pakistan,1950,7009.759
Pakistan,1955,7786.401
Pakistan,1960,8763.024
Pakistan,1965,9479.727
Pakistan,1970,9905.843
Pakistan,1975,11520.395
Pakistan,1980,14529.687
Pakistan,1985,17653.197
Pakistan,1990,20152.48
Pakistan,1995,22948.046
Pakistan,2000,27079.155
Pakistan,2005,32144.811
Pakistan,2010,35795.041
Pakistan,2015,37692.135
Sri Lanka,1950,1418.478
Sri Lanka,1955,1554.651
Sri Lanka,1960,1759.965
Sri Lanka,1965,2102.381
Sri Lanka,1970,2463.502
Sri Lanka,1975,2827.462
Sri Lanka,1980,3117.233
Sri Lanka,1985,3254.293
Sri Lanka,1990,3365.814
Sri Lanka,1995,3493.538
Sri Lanka,2000,3592.122
Sri Lanka,2005,3463.905
Sri Lanka,2010,3217.405
Sri Lanka,2015,3119.582
South-Eastern Asia,1950,32102.775
South-Eastern Asia,1955,35467.975
South-Eastern Asia,1960,37706.442
South-Eastern Asia,1965,41032.031
South-Eastern Asia,1970,49916.174
South-Eastern Asia,1975,62607.925
South-Eastern Asia,1980,73260.888
South-Eastern Asia,1985,82975.126
South-Eastern Asia,1990,91339.98
South-Eastern Asia,1995,97602.573
South-Eastern Asia,2000,103606.792
South-Eastern Asia,2005,107632.014
South-Eastern Asia,2010,109295.856
South-Eastern Asia,2015,110700.249
Brunei Darussalam,1950,8.679
Brunei Darussalam,1955,10.6
Brunei Darussalam,1960,11.992
Brunei Darussalam,1965,13.794
Brunei Darussalam,1970,21.824
Brunei Darussalam,1975,31.326
Brunei Darussalam,1980,43.009
Brunei Darussalam,1985,42.229
Brunei Darussalam,1990,49.272
Brunei Darussalam,1995,56.018
Brunei Darussalam,2000,61.005
Brunei Darussalam,2005,67.746
Brunei Darussalam,2010,73.706
Brunei Darussalam,2015,71.021
Cambodia,1950,859.758
Cambodia,1955,941.185
Cambodia,1960,1027.671
Cambodia,1965,1144.754
Cambodia,1970,1360.971
Cambodia,1975,1565.896
Cambodia,1980,1364.527
Cambodia,1985,1526.197
Cambodia,1990,1694.977
Cambodia,1995,1734.497
Cambodia,2000,2398.331
Cambodia,2005,3190.026
Cambodia,2010,2988.334
Cambodia,2015,3197.152
Indonesia,1950,13937.694
Indonesia,1955,15663.357
Indonesia,1960,16709.427
Indonesia,1965,17218.937
Indonesia,1970,19582.583
Indonesia,1975,24586.476
Indonesia,1980,29754.669
Indonesia,1985,34188.465
Indonesia,1990,37972.247
Indonesia,1995,40843.152
Indonesia,2000,43204.487
Indonesia,2005,43084.266
Indonesia,2010,43744.254
Indonesia,2015,44370.173
Lao People's Democratic Republic,1950,321.893
Lao People's Democratic Republic,1955,346.861
Lao People's Democratic Republic,1960,384.419
Lao People's Democratic Republic,1965,439.984
Lao People's Democratic Republic,1970,516.333
Lao People's Democratic Republic,1975,589.05
Lao People's Democratic Republic,1980,616.033
Lao People's Democratic Republic,1985,721.614
Lao People's Democratic Republic,1990,848.808
Lao People's Democratic Republic,1995,956.412
Lao People's Democratic Republic,2000,1066.719
Lao People's Democratic Republic,2005,1236.762
Lao People's Democratic Republic,2010,1415.928
Lao People's Democratic Republic,2015,1412.816
Malaysia,1950,1096.201
Malaysia,1955,1277.189
Malaysia,1960,1414.975
Malaysia,1965,1661.911
Malaysia,1970,2127.306
Malaysia,1975,2487.808
Malaysia,1980,2933.98
Malaysia,1985,3241.409
Malaysia,1990,3455.974
Malaysia,1995,3870.731
Malaysia,2000,4340.358
Malaysia,2005,5000.689
Malaysia,2010,5660.903
Malaysia,2015,6045.292
Myanmar,1950,3399.03
Myanmar,1955,3281.617
Myanmar,1960,3264.839
Myanmar,1965,3693.144
Myanmar,1970,4823.367
Myanmar,1975,5924.951
Myanmar,1980,6605.359
Myanmar,1985,7418.932
Myanmar,1990,8281.42
Myanmar,1995,8930.274
Myanmar,2000,9646.137
Myanmar,2005,9568.447
Myanmar,2010,8943.236
Myanmar,2015,9346.476
Philippines,1950,3328.937
Philippines,1955,4021.234
Philippines,1960,4716.006
Philippines,1965,5604.967
Philippines,1970,7128.1
Philippines,1975,8789.246
Philippines,1980,9968.476
Philippines,1985,11229.521
Philippines,1990,12465.751
Philippines,1995,13873.484
Philippines,2000,15438.54
Philippines,2005,17087.552
Philippines,2010,18287.674
Philippines,2015,19817.982
Singapore,1950,182.399
Singapore,1955,237.903
Singapore,1960,283.927
Singapore,1965,329.647
Singapore,1970,449.737
Singapore,1975,541.125
Singapore,1980,582.626
Singapore,1985,551.142
Singapore,1990,561.959
Singapore,1995,495.829
Singapore,2000,508.284
Singapore,2005,597.608
Singapore,2010,686.941
Singapore,2015,729.434
Thailand,1950,4168.065
Thailand,1955,4756.643
Thailand,1960,5121.519
Thailand,1965,5656.915
Thailand,1970,6718.028
Thailand,1975,8317.084
Thailand,1980,9880.825
Thailand,1985,11230.279
Thailand,1990,11994.655
Thailand,1995,11848.725
Thailand,2000,10788.249
Thailand,2005,10393.116
Thailand,2010,9621.62
Thailand,2015,9648.498
Timor-Leste,1950,84.701
Timor-Leste,1955,89.364
Timor-Leste,1960,97.521
Timor-Leste,1965,109.81
Timor-Leste,1970,120.292
Timor-Leste,1975,130.105
Timor-Leste,1980,132.787
Timor-Leste,1985,141.195
Timor-Leste,1990,167.192
Timor-Leste,1995,151.67
Timor-Leste,2000,142.821
Timor-Leste,2005,197.464
Timor-Leste,2010,207.241
Timor-Leste,2015,262.878
Viet Nam,1950,4715.418
Viet Nam,1955,4842.022
Viet Nam,1960,4674.146
Viet Nam,1965,5158.168
Viet Nam,1970,7067.633
Viet Nam,1975,9644.858
Viet Nam,1980,11378.597
Viet Nam,1985,12684.143
Viet Nam,1990,13847.725
Viet Nam,1995,14841.781
Viet Nam,2000,16011.861
Viet Nam,2005,17208.338
Viet Nam,2010,17666.019
Viet Nam,2015,15798.527
Western Asia,1950,10132.445
Western Asia,1955,11022.207
Western Asia,1960,11483.575
Western Asia,1965,12631.868
Western Asia,1970,15646.281
Western Asia,1975,18881.958
Western Asia,1980,21850.991
Western Asia,1985,25016.834
Western Asia,1990,28468.944
Western Asia,1995,31789.279
Western Asia,2000,36091.407
Western Asia,2005,40040.112
Western Asia,2010,43673.705
Western Asia,2015,44978.684
Armenia,1950,308.266
Armenia,1955,349.537
Armenia,1960,317.883
Armenia,1965,286.177
Armenia,1970,429.699
Armenia,1975,617.479
Armenia,1980,722.527
Armenia,1985,647.555
Armenia,1990,561.651
Armenia,1995,474.619
Armenia,2000,527.213
Armenia,2005,570.077
Armenia,2010,522.877
Armenia,2015,419.961
Azerbaijan,1950,685.488
Azerbaijan,1955,757.052
Azerbaijan,1960,644.623
Azerbaijan,1965,570.244
Azerbaijan,1970,811.627
Azerbaijan,1975,1151.732
Azerbaijan,1980,1479.115
Azerbaijan,1985,1509.753
Azerbaijan,1990,1329.423
Azerbaijan,1995,1322.277
Azerbaijan,2000,1450.312
Azerbaijan,2005,1751.724
Azerbaijan,2010,1839.912
Azerbaijan,2015,1610.637
Bahrain,1950,22.136
Bahrain,1955,24.047
Bahrain,1960,28.649
Bahrain,1965,34.219
Bahrain,1970,37.967
Bahrain,1975,61.679
Bahrain,1980,79.617
Bahrain,1985,67.442
Bahrain,1990,81.48
Bahrain,1995,93.158
Bahrain,2000,110.177
Bahrain,2005,157.253
Bahrain,2010,186.065
Bahrain,2015,180.65
Cyprus,1950,87.471
Cyprus,1955,88.779
Cyprus,1960,94.63
Cyprus,1965,106.086
Cyprus,1970,108.724
Cyprus,1975,120.41
Cyprus,1980,130.813
Cyprus,1985,125.646
Cyprus,1990,125.842
Cyprus,1995,136.502
Cyprus,2000,159.998
Cyprus,2005,176.796
Cyprus,2010,189.488
Cyprus,2015,185.51
Georgia,1950,709.624
Georgia,1955,735.595
Georgia,1960,666.918
Georgia,1965,581.325
Georgia,1970,731.396
Georgia,1975,861.799
Georgia,1980,926.087
Georgia,1985,890.444
Georgia,1990,826.274
Georgia,1995,739.001
Georgia,2000,716.478
Georgia,2005,751.815
Georgia,2010,680.437
Georgia,2015,514.877
Iraq,1950,994.642
Iraq,1955,1108.976
Iraq,1960,1256.782
Iraq,1965,1374.458
Iraq,1970,1784.016
Iraq,1975,2170.088
Iraq,1980,2454.295
Iraq,1985,3081.547
Iraq,1990,3691.303
Iraq,1995,4324.115
Iraq,2000,4935.639
Iraq,2005,5486.73
Iraq,2010,6093.441
Iraq,2015,7103.339
Israel,1950,219.04
Israel,1955,269.274
Israel,1960,310.655
Israel,1965,424.502
Israel,1970,567.357
Israel,1975,636.926
Israel,1980,636.203
Israel,1985,676.455
Israel,1990,785.16
Israel,1995,945.913
Israel,2000,1041.749
Israel,2005,1073.977
Israel,2010,1119.963
Israel,2015,1195.228
Jordan,1950,84.068
Jordan,1955,131.955
Jordan,1960,186.901
Jordan,1965,224.613
Jordan,1970,309.837
Jordan,1975,358.049
Jordan,1980,465.152
Jordan,1985,592.472
Jordan,1990,770.459
Jordan,1995,999.471
Jordan,2000,1084.712
Jordan,2005,1185.323
Jordan,2010,1397.168
Jordan,2015,1757.987
Kuwait,1950,33.349
Kuwait,1955,37.175
Kuwait,1960,52.361
Kuwait,1965,94.764
Kuwait,1970,135.86
Kuwait,1975,180.116
Kuwait,1980,246.855
Kuwait,1985,300.619
Kuwait,1990,374.225
Kuwait,1995,243.145
Kuwait,2000,332.27
Kuwait,2005,369.664
Kuwait,2010,455.705
Kuwait,2015,447.191
Lebanon,1950,255.327
Lebanon,1955,266.115
Lebanon,1960,277.803
Lebanon,1965,320.75
Lebanon,1970,422.404
Lebanon,1975,540.467
Lebanon,1980,536.094
Lebanon,1985,531.948
Lebanon,1990,518.933
Lebanon,1995,593.196
Lebanon,2000,616.662
Lebanon,2005,782.842
Lebanon,2010,868.047
Lebanon,2015,1139.575
Oman,1950,86.357
Oman,1955,95.322
Oman,1960,106.923
Oman,1965,119.288
Oman,1970,134.281
Oman,1975,162.239
Oman,1980,203.522
Oman,1985,246.15
Oman,1990,288.634
Oman,1995,351.5
Oman,2000,485.12
Oman,2005,551.823
Oman,2010,641.72
Oman,2015,617.173
Qatar,1950,4.637
Qatar,1955,6.876
Qatar,1960,9.183
Qatar,1965,15.306
Qatar,1970,22.787
Qatar,1975,34.52
Qatar,1980,44.934
Qatar,1985,57.947
Qatar,1990,65.947
Qatar,1995,70.761
Qatar,2000,81.755
Qatar,2005,119.247
Qatar,2010,257.296
Qatar,2015,362.614
Saudi Arabia,1950,574.911
Saudi Arabia,1955,652.941
Saudi Arabia,1960,746.561
Saudi Arabia,1965,892.467
Saudi Arabia,1970,1071.578
Saudi Arabia,1975,1354.759
Saudi Arabia,1980,1738.349
Saudi Arabia,1985,2364.919
Saudi Arabia,1990,3004.623
Saudi Arabia,1995,3106.15
Saudi Arabia,2000,3774.274
Saudi Arabia,2005,4406.712
Saudi Arabia,2010,5091.024
Saudi Arabia,2015,4881.01
State of Palestine,1950,164.01
State of Palestine,1955,188.446
State of Palestine,1960,210.384
State of Palestine,1965,231.203
State of Palestine,1970,207.918
State of Palestine,1975,236.083
State of Palestine,1980,289.05
State of Palestine,1985,358.015
State of Palestine,1990,421.302
State of Palestine,1995,512.237
State of Palestine,2000,627.467
State of Palestine,2005,720.597
State of Palestine,2010,879.535
State of Palestine,2015,1014.109
Syrian Arab Republic,1950,683.51
Syrian Arab Republic,1955,694.274
Syrian Arab Republic,1960,738.666
Syrian Arab Republic,1965,878.387
Syrian Arab Republic,1970,1192.993
Syrian Arab Republic,1975,1519.683
Syrian Arab Republic,1980,1767.769
Syrian Arab Republic,1985,2108.818
Syrian Arab Republic,1990,2551.297
Syrian Arab Republic,1995,3124.854
Syrian Arab Republic,2000,3657.797
Syrian Arab Republic,2005,4070.644
Syrian Arab Republic,2010,4391.366
Syrian Arab Republic,2015,3712.066
Turkey,1950,4390.906
Turkey,1955,4698.414
Turkey,1960,4811.074
Turkey,1965,5298.529
Turkey,1970,6432.573
Turkey,1975,7533.724
Turkey,1980,8473.505
Turkey,1985,9425.682
Turkey,1990,10541.416
Turkey,1995,11624.292
Turkey,2000,12391.961
Turkey,2005,12642.259
Turkey,2010,12538.701
Turkey,2015,12985.384
United Arab Emirates,1950,12.906
United Arab Emirates,1955,14.505
United Arab Emirates,1960,16.549
United Arab Emirates,1965,34.305
United Arab Emirates,1970,47.534
United Arab Emirates,1975,113.308
United Arab Emirates,1980,186.228
United Arab Emirates,1985,199.383
United Arab Emirates,1990,292.555
United Arab Emirates,1995,377.254
United Arab Emirates,2000,500.61
United Arab Emirates,2005,735.591
United Arab Emirates,2010,1115.444
United Arab Emirates,2015,933.97
Yemen,1950,815.797
Yemen,1955,902.924
Yemen,1960,1007.03
Yemen,1965,1145.245
Yemen,1970,1197.73
Yemen,1975,1228.897
Yemen,1980,1470.876
Yemen,1985,1832.039
Yemen,1990,2238.42
Yemen,1995,2750.834
Yemen,2000,3597.213
Yemen,2005,4487.038
Yemen,2010,5405.516
Yemen,2015,5917.403
EUROPE,1950,96005.365
EUROPE,1955,96707.157
EUROPE,1960,91392.014
EUROPE,1965,92167.154
EUROPE,1970,104822.34
EUROPE,1975,111085.225
EUROPE,1980,113047.264
EUROPE,1985,109312.598
EUROPE,1990,104737.324
EUROPE,1995,101978.285
EUROPE,2000,101003.859
EUROPE,2005,100999.024
EUROPE,2010,93812.046
EUROPE,2015,81675.999
Eastern Europe,1950,44100.876
Eastern Europe,1955,44470.785
Eastern Europe,1960,39842.559
Eastern Europe,1965,37841.685
Eastern Europe,1970,47334.211
Eastern Europe,1975,51571.965
Eastern Europe,1980,49197.353
Eastern Europe,1985,43761.554
Eastern Europe,1990,42894.267
Eastern Europe,1995,45747.329
Eastern Europe,2000,47962.207
Eastern Europe,2005,48067.419
Eastern Europe,2010,42051.695
Eastern Europe,2015,32061.715
Belarus,1950,1572.259
Belarus,1955,1520.096
Belarus,1960,1274.001
Belarus,1965,1103.095
Belarus,1970,1373.873
Belarus,1975,1637.02
Belarus,1980,1704.508
Belarus,1985,1547.038
Belarus,1990,1406.93
Belarus,1995,1444.315
Belarus,2000,1512.729
Belarus,2005,1531.788
Belarus,2010,1379.478
Belarus,2015,1074.027
Bulgaria,1950,1371.998
Bulgaria,1955,1251.771
Bulgaria,1960,1170.766
Bulgaria,1965,1280.447
Bulgaria,1970,1371.792
Bulgaria,1975,1321.875
Bulgaria,1980,1258.736
Bulgaria,1985,1227.557
Bulgaria,1990,1231.325
Bulgaria,1995,1212.637
Bulgaria,2000,1136.725
Bulgaria,2005,1028.914
Bulgaria,2010,894.172
Bulgaria,2015,700.896
Czechia,1950,1306.024
Czechia,1955,1176.254
Czechia,1960,1271.57
Czechia,1965,1605.817
Czechia,1970,1724.736
Czechia,1975,1565.012
Czechia,1980,1396.06
Czechia,1985,1351.681
Czechia,1990,1521.206
Czechia,1995,1735.814
Czechia,2000,1587.712
Czechia,2005,1348.716
Czechia,2010,1298.371
Czechia,2015,1070.087
Hungary,1950,1542.481
Hungary,1955,1475.76
Hungary,1960,1428.917
Hungary,1965,1538.165
Hungary,1970,1715.262
Hungary,1975,1725.766
Hungary,1980,1438.125
Hungary,1985,1317.411
Hungary,1990,1460.44
Hungary,1995,1626.987
Hungary,2000,1519.114
Hungary,2005,1302.858
Hungary,2010,1230.291
Hungary,2015,1142.509
Poland,1950,4781.002
Poland,1955,4693.994
Poland,1960,4170.608
Poland,1965,4787.822
Poland,1970,6255.071
Poland,1975,6895.004
Poland,1980,6243.225
Poland,1985,5236.351
Poland,1990,5340.637
Poland,1995,6000.566
Poland,2000,6529.278
Poland,2005,6238.099
Poland,2010,5374.778
Poland,2015,4517.181
Republic of Moldova,1950,448.177
Republic of Moldova,1955,493.113
Republic of Moldova,1960,495.252
Republic of Moldova,1965,459.69
Republic of Moldova,1970,582.912
Republic of Moldova,1975,752.004
Republic of Moldova,1980,746.605
Republic of Moldova,1985,687.896
Republic of Moldova,1990,632.622
Republic of Moldova,1995,684.551
Republic of Moldova,2000,757.089
Republic of Moldova,2005,815.079
Republic of Moldova,2010,744.373
Republic of Moldova,2015,574.603
Romania,1950,3182.517
Romania,1955,3223.326
Romania,1960,2905.355
Romania,1965,2874.942
Romania,1970,3484.272
Romania,1975,3722.448
Romania,1980,3256.703
Romania,1985,3396.206
Romania,1990,3920.669
Romania,1995,3864.641
Romania,2000,3587.438
Romania,2005,3307.041
Romania,2010,2685.822
Romania,2015,2235.88
Russian Federation,1950,22306.819
Russian Federation,1955,22654.088
Russian Federation,1960,19210.789
Russian Federation,1965,17241.62
Russian Federation,1970,22504.547
Russian Federation,1975,24854.514
Russian Federation,1980,24510.453
Russian Federation,1985,21110.495
Russian Federation,1990,19596.115
Russian Federation,1995,21045.103
Russian Federation,2000,23021.091
Russian Federation,2005,24434.445
Russian Federation,2010,21309.825
Russian Federation,2015,15258.006
Slovakia,1950,606.742
Slovakia,1955,597.928
Slovakia,1960,614.31
Slovakia,1965,692.504
Slovakia,1970,822.024
Slovakia,1975,896.511
Slovakia,1980,851.438
Slovakia,1985,777.67
Slovakia,1990,804.705
Slovakia,1995,907.508
Slovakia,2000,928.621
Slovakia,2005,863.276
Slovakia,2010,772.203
Slovakia,2015,654.048
Ukraine,1950,6982.857
Ukraine,1955,7384.455
Ukraine,1960,7300.991
Ukraine,1965,6257.583
Ukraine,1970,7499.722
Ukraine,1975,8201.811
Ukraine,1980,7791.5
Ukraine,1985,7109.249
Ukraine,1990,6979.618
Ukraine,1995,7225.207
Ukraine,2000,7382.41
Ukraine,2005,7197.203
Ukraine,2010,6362.382
Ukraine,2015,4834.478
Northern Europe,1950,10673.481
Northern Europe,1955,10547.128
Northern Europe,1960,11261.512
Northern Europe,1965,12727.79
Northern Europe,1970,13114.033
Northern Europe,1975,12918.402
Northern Europe,1980,14004.925
Northern Europe,1985,14524.659
Northern Europe,1990,13521.434
Northern Europe,1995,12134.215
Northern Europe,2000,11770.268
Northern Europe,2005,12585.656
Northern Europe,2010,13141.691
Northern Europe,2015,12561.137
Channel Islands,1950,13.578
Channel Islands,1955,13.886
Channel Islands,1960,14.237
Channel Islands,1965,15.79
Channel Islands,1970,17.717
Channel Islands,1975,19.329
Channel Islands,1980,20.508
Channel Islands,1985,21.678
Channel Islands,1990,21.356
Channel Islands,1995,17.936
Channel Islands,2000,17.101
Channel Islands,2005,18.191
Channel Islands,2010,18.748
Channel Islands,2015,18.521
Denmark,1950,588.398
Denmark,1955,597.999
Denmark,1960,684.093
Denmark,1965,791.655
Denmark,1970,788.704
Denmark,1975,745.098
Denmark,1980,767.554
Denmark,1985,789.833
Denmark,1990,763.369
Denmark,1995,696.976
Denmark,2000,612.165
Denmark,2005,600.391
Denmark,2010,684.989
Denmark,2015,749.049
Estonia,1950,193.644
Estonia,1955,203.278
Estonia,1960,181.987
Estonia,1965,184.743
Estonia,1970,203.46
Estonia,1975,218.003
Estonia,1980,217.317
Estonia,1985,214.061
Estonia,1990,215.057
Estonia,1995,197.365
Estonia,2000,200.612
Estonia,2005,201.877
Estonia,2010,178.423
Estonia,2015,134.617
Finland,1950,641.383
Finland,1955,631.16
Finland,1960,671.691
Finland,1965,824.191
Finland,1970,874.262
Finland,1975,820.725
Finland,1980,766.989
Finland,1985,730.084
Finland,1990,651.552
Finland,1995,632.538
Finland,2000,660.608
Finland,2005,654.125
Finland,2010,661.318
Finland,2015,650.017
Iceland,1950,24.209
Iceland,1955,23.502
Iceland,1960,25.52
Iceland,1965,31.936
Iceland,1970,37.27
Iceland,1975,42.131
Iceland,1980,44.06
Iceland,1985,43.185
Iceland,1990,42.174
Iceland,1995,41.907
Iceland,2000,42.879
Iceland,2005,43.056
Iceland,2010,47.228
Iceland,2015,47.157
Ireland,1950,425.215
Ireland,1955,418.424
Ireland,1960,420.086
Ireland,1965,471.102
Ireland,1970,520.929
Ireland,1975,556.985
Ireland,1980,611.037
Ireland,1985,621.79
Ireland,1990,628.817
Ireland,1995,683.376
Ireland,2000,691.66
Ireland,2005,655.252
Ireland,2010,598.539
Ireland,2015,524.38
Latvia,1950,338.709
Latvia,1955,349.827
Latvia,1960,337.589
Latvia,1965,325.729
Latvia,1970,330.583
Latvia,1975,372.779
Latvia,1980,388.798
Latvia,1985,364.514
Latvia,1990,365.17
Latvia,1995,339.106
Latvia,2000,338.954
Latvia,2005,352.68
Latvia,2010,297.12
Latvia,2015,211.793
Lithuania,1950,478.705
Lithuania,1955,476.085
Lithuania,1960,465.624
Lithuania,1965,452.572
Lithuania,1970,456.562
Lithuania,1975,529.635
Lithuania,1980,578.134
Lithuania,1985,574.023
Lithuania,1990,554.345
Lithuania,1995,521.667
Lithuania,2000,494.357
Lithuania,2005,497.495
Lithuania,2010,455.37
Lithuania,2015,376.381
Norway,1950,439.088
Norway,1955,416.408
Norway,1960,466.342
Norway,1965,572.403
Norway,1970,616.381
Norway,1975,611.095
Norway,1980,623.808
Norway,1985,650.801
Norway,1990,653.361
Norway,1995,589.85
Norway,2000,542.806
Norway,2005,568.895
Norway,2010,634.396
Norway,2015,674.839
Sweden,1950,882.675
Sweden,1955,881.329
Sweden,1960,1037.147
Sweden,1965,1223.336
Sweden,1970,1217.631
Sweden,1975,1100.836
Sweden,1980,1125.657
Sweden,1985,1164.245
Sweden,1990,1172.215
Sweden,1995,1092.719
Sweden,2000,1025.624
Sweden,2005,1111.843
Sweden,2010,1270.424
Sweden,2015,1203.55
United Kingdom,1950,6636.069
United Kingdom,1955,6525.253
United Kingdom,1960,6947.092
United Kingdom,1965,7821.823
United Kingdom,1970,8036.817
United Kingdom,1975,7887.849
United Kingdom,1980,8845.163
United Kingdom,1985,9333.698
United Kingdom,1990,8436.75
United Kingdom,1995,7305.846
United Kingdom,2000,7129.372
United Kingdom,2005,7866.744
United Kingdom,2010,8278.893
United Kingdom,2015,7954.284
Southern Europe,1950,20101.614
Southern Europe,1955,19642.527
Southern Europe,1960,18587.855
Southern Europe,1965,19030.434
Southern Europe,1970,20102.424
Southern Europe,1975,20926.658
Southern Europe,1980,22408.672
Southern Europe,1985,23183.237
Southern Europe,1990,22993.024
Southern Europe,1995,21814.904
Southern Europe,2000,19578.131
Southern Europe,2005,17840.484
Southern Europe,2010,16546.888
Southern Europe,2015,15436.683
Albania,1950,228.769
Albania,1955,265.469
Albania,1960,299.302
Albania,1965,324.073
Albania,1970,380.575
Albania,1975,473.421
Albania,1980,562.853
Albania,1985,606.034
Albania,1990,624.683
Albania,1995,555.744
Albania,2000,526.794
Albania,2005,564.877
Albania,2010,535.002
Albania,2015,475.257
Bosnia and Herzegovina,1950,599.6
Bosnia and Herzegovina,1955,651.164
Bosnia and Herzegovina,1960,600.06
Bosnia and Herzegovina,1965,627.026
Bosnia and Herzegovina,1970,759.485
Bosnia and Herzegovina,1975,827.624
Bosnia and Herzegovina,1980,859.452
Bosnia and Herzegovina,1985,854.907
Bosnia and Herzegovina,1990,759.42
Bosnia and Herzegovina,1995,587.623
Bosnia and Herzegovina,2000,558.691
Bosnia and Herzegovina,2005,568.09
Bosnia and Herzegovina,2010,531.704
Bosnia and Herzegovina,2015,470.468
Croatia,1950,719.5
Croatia,1955,706.144
Croatia,1960,636.489
Croatia,1965,663.101
Croatia,1970,764.715
Croatia,1975,753.655
Croatia,1980,713.1
Croatia,1985,670.999
Croatia,1990,656.841
Croatia,1995,624.552
Croatia,2000,597.621
Croatia,2005,583.954
Croatia,2010,516.956
Croatia,2015,483.272
Greece,1950,1510.002
Greece,1955,1553.615
Greece,1960,1383.456
Greece,1965,1311.064
Greece,1970,1311.631
Greece,1975,1401.522
Greece,1980,1492.992
Greece,1985,1532.96
Greece,1990,1593.259
Greece,1995,1652.62
Greece,2000,1608.648
Greece,2005,1431.442
Greece,2010,1246.187
Greece,2015,1125.135
Italy,1950,8047.222
Italy,1955,8005.685
Italy,1960,7665.41
Italy,1965,7794.766
Italy,1970,7964.71
Italy,1975,7987.41
Italy,1980,8665.285
Italy,1985,9189.263
Italy,1990,8925.405
Italy,1995,7899.248
Italy,2000,6677.672
Italy,2005,6086.395
Italy,2010,5893.076
Italy,2015,5697.085
Malta,1950,54.003
Malta,1955,54.983
Malta,1960,46.624
Malta,1965,59.732
Malta,1970,64.72
Malta,1975,56.643
Malta,1980,55.706
Malta,1985,51.658
Malta,1990,50.975
Malta,1995,56.549
Malta,2000,58.692
Malta,2005,58.161
Malta,2010,56.643
Malta,2015,53.214
Montenegro,1950,78.482
Montenegro,1955,92.762
Montenegro,1960,94.24
Montenegro,1965,93.257
Montenegro,1970,96.646
Montenegro,1975,111.164
Montenegro,1980,114.699
Montenegro,1985,112.125
Montenegro,1990,102.015
Montenegro,1995,97.307
Montenegro,2000,94.612
Montenegro,2005,96.124
Montenegro,2010,90.188
Montenegro,2015,85.161
Portugal,1950,1569.168
Portugal,1955,1504.655
Portugal,1960,1447.949
Portugal,1965,1376.864
Portugal,1970,1364.701
Portugal,1975,1489.658
Portugal,1980,1614.57
Portugal,1985,1616.391
Portugal,1990,1606.535
Portugal,1995,1624
Portugal,2000,1505.327
Portugal,2005,1314.931
Portugal,2010,1172.071
Portugal,2015,1092.618
Serbia,1950,1382.119
Serbia,1955,1310.632
Serbia,1960,1131.694
Serbia,1965,1231.306
Serbia,1970,1507.22
Serbia,1975,1473.157
Serbia,1980,1343.877
Serbia,1985,1344.555
Serbia,1990,1409.222
Serbia,1995,1526.252
Serbia,2000,1362.622
Serbia,2005,1311.775
Serbia,2010,1228.899
Serbia,2015,1116.403
Slovenia,1950,269.7
Slovenia,1955,257.051
Slovenia,1960,246.202
Slovenia,1965,261.82
Slovenia,1970,290.506
Slovenia,1975,281.991
Slovenia,1980,287.508
Slovenia,1985,294.206
Slovenia,1990,295.718
Slovenia,1995,293.308
Slovenia,2000,291.783
Slovenia,2005,266.844
Slovenia,2010,232.81
Slovenia,2015,202.807
Spain,1950,5385.639
Spain,1955,4963.904
Spain,1960,4755.335
Spain,1965,4981.097
Spain,1970,5231.73
Spain,1975,5685.004
Spain,1980,6328.121
Spain,1985,6536.27
Spain,1990,6612.062
Spain,1995,6563.802
Spain,2000,5947.166
Spain,2005,5208.579
Spain,2010,4706.857
Spain,2015,4334.649
TFYR Macedonia,1950,250.91
TFYR Macedonia,1955,269.535
TFYR Macedonia,1960,273.603
TFYR Macedonia,1965,296.619
TFYR Macedonia,1970,352.732
TFYR Macedonia,1975,369.651
TFYR Macedonia,1980,355.345
TFYR Macedonia,1985,358.334
TFYR Macedonia,1990,341.161
TFYR Macedonia,1995,317.747
TFYR Macedonia,2000,334.143
TFYR Macedonia,2005,333.918
TFYR Macedonia,2010,321.039
TFYR Macedonia,2015,285.189
Western Europe,1950,21129.394
Western Europe,1955,22046.717
Western Europe,1960,21700.088
Western Europe,1965,22567.245
Western Europe,1970,24271.672
Western Europe,1975,25668.2
Western Europe,1980,27436.314
Western Europe,1985,27843.148
Western Europe,1990,25328.599
Western Europe,1995,22281.837
Western Europe,2000,21693.253
Western Europe,2005,22505.465
Western Europe,2010,22071.772
Western Europe,2015,21616.464
Austria,1950,949.938
Austria,1955,936.639
Austria,1960,1035.454
Austria,1965,1056.495
Austria,1970,996.583
Austria,1975,1078.049
Austria,1980,1224.676
Austria,1985,1267.522
Austria,1990,1150.889
Austria,1995,1012.547
Austria,2000,949.587
Austria,2005,1013.385
Austria,2010,1023.422
Austria,2015,1008.431
Belgium,1950,1277.295
Belgium,1955,1204.954
Belgium,1960,1131.261
Belgium,1965,1262.802
Belgium,1970,1433.09
Belgium,1975,1502.049
Belgium,1980,1589.528
Belgium,1985,1533.027
Belgium,1990,1401.248
Belgium,1995,1287.842
Belgium,2000,1229.517
Belgium,2005,1276.507
Belgium,2010,1322.522
Belgium,2015,1325.25
France,1950,6361.026
France,1955,5992.827
France,1960,5630.811
France,1965,7090.476
France,1970,8357.52
France,1975,8472.734
France,1980,8500.904
France,1985,8598.188
France,1990,8524.952
France,1995,7937.731
France,2000,7700.94
France,2005,7831.054
France,2010,7666.377
France,2015,7513.481
Germany,1950,10196.636
Germany,1955,11557.19
Germany,1960,11354.266
Germany,1965,10051.544
Germany,1970,10177.271
Germany,1975,11313.706
Germany,1980,12644.306
Germany,1985,12872.777
Germany,1990,10908.929
Germany,1995,9104.587
Germany,2000,9038.748
Germany,2005,9496.176
Germany,2010,9014.121
Germany,2015,8673.083
Luxembourg,1950,48.002
Luxembourg,1955,43.001
Luxembourg,1960,41.844
Luxembourg,1965,43.266
Luxembourg,1970,46.866
Luxembourg,1975,54.258
Luxembourg,1980,57.092
Luxembourg,1985,55.682
Luxembourg,1990,50.602
Luxembourg,1995,48.131
Luxembourg,2000,49.639
Luxembourg,2005,52.941
Luxembourg,2010,60.338
Luxembourg,2015,69.995
Netherlands,1950,1610.53
Netherlands,1955,1610.804
Netherlands,1960,1718.751
Netherlands,1965,2090.925
Netherlands,1970,2286.649
Netherlands,1975,2306.402
Netherlands,1980,2451.942
Netherlands,1985,2500.738
Netherlands,1990,2337.608
Netherlands,1995,2030.258
Netherlands,2000,1890.905
Netherlands,2005,1952.352
Netherlands,2010,2044.798
Netherlands,2015,2072.824
Switzerland,1950,682
Switzerland,1955,697.394
Switzerland,1960,782.609
Switzerland,1965,965.636
Switzerland,1970,967.146
Switzerland,1975,934.017
Switzerland,1980,960.272
Switzerland,1985,1007.212
Switzerland,1990,947.004
Switzerland,1995,853.882
Switzerland,2000,827.153
Switzerland,2005,876.04
Switzerland,2010,932.5
Switzerland,2015,945.266
LATIN AMERICA AND THE CARIBBEAN,1950,31931.306
LATIN AMERICA AND THE CARIBBEAN,1955,35197.011
LATIN AMERICA AND THE CARIBBEAN,1960,39308.505
LATIN AMERICA AND THE CARIBBEAN,1965,45206.481
LATIN AMERICA AND THE CARIBBEAN,1970,54320.82
LATIN AMERICA AND THE CARIBBEAN,1975,64156.664
LATIN AMERICA AND THE CARIBBEAN,1980,73352.51
LATIN AMERICA AND THE CARIBBEAN,1985,81825.475
LATIN AMERICA AND THE CARIBBEAN,1990,88608.18
LATIN AMERICA AND THE CARIBBEAN,1995,95914.541
LATIN AMERICA AND THE CARIBBEAN,2000,102165.299
LATIN AMERICA AND THE CARIBBEAN,2005,106267.141
LATIN AMERICA AND THE CARIBBEAN,2010,109018.707
LATIN AMERICA AND THE CARIBBEAN,2015,110422.012
Caribbean,1950,3161.376
Caribbean,1955,3466.708
Caribbean,1960,3744.749
Caribbean,1965,4027.069
Caribbean,1970,4554.448
Caribbean,1975,5268.021
Caribbean,1980,6076.555
Caribbean,1985,6724.036
Caribbean,1990,6781.756
Caribbean,1995,6614.604
Caribbean,2000,6657.098
Caribbean,2005,7128.616
Caribbean,2010,7289.647
Caribbean,2015,7199.968
Antigua and Barbuda,1950,9.121
Antigua and Barbuda,1955,9.865
Antigua and Barbuda,1960,10.446
Antigua and Barbuda,1965,12.146
Antigua and Barbuda,1970,14.199
Antigua and Barbuda,1975,15.842
Antigua and Barbuda,1980,16.218
Antigua and Barbuda,1985,15.376
Antigua and Barbuda,1990,13.424
Antigua and Barbuda,1995,12.052
Antigua and Barbuda,2000,12.399
Antigua and Barbuda,2005,14.892
Antigua and Barbuda,2010,15.892
Antigua and Barbuda,2015,16.895
Aruba,1950,6.956
Aruba,1955,7.879
Aruba,1960,9.633
Aruba,1965,10.897
Aruba,1970,12.011
Aruba,1975,12.501
Aruba,1980,13.043
Aruba,1985,12.354
Aruba,1990,8.828
Aruba,1995,10.366
Aruba,2000,11.188
Aruba,2005,13.418
Aruba,2010,12.468
Aruba,2015,14.875
Bahamas,1950,14.356
Bahamas,1955,15.654
Bahamas,1960,18.57
Bahamas,1965,23.467
Bahamas,1970,29.438
Bahamas,1975,35.81
Bahamas,1980,47.981
Bahamas,1985,51.882
Bahamas,1990,52.229
Bahamas,1995,52.309
Bahamas,2000,51.382
Bahamas,2005,57.521
Bahamas,2010,63.759
Bahamas,2015,64.853
Barbados,1950,36.999
Barbados,1955,37.004
Barbados,1960,35.865
Barbados,1965,38.476
Barbados,1970,45.844
Barbados,1975,51.664
Barbados,1980,54.521
Barbados,1985,53.031
Barbados,1990,50.205
Barbados,1995,43.657
Barbados,2000,39.625
Barbados,2005,39.024
Barbados,2010,37.487
Barbados,2015,36.609
Cuba,1950,1076.946
Cuba,1955,1210.367
Cuba,1960,1334.887
Cuba,1965,1386.372
Cuba,1970,1509.927
Cuba,1975,1622.412
Cuba,1980,1972.804
Cuba,1985,2294.713
Cuba,1990,2240.214
Cuba,1995,1831.566
Cuba,2000,1482.137
Cuba,2005,1576.905
Cuba,2010,1588.762
Cuba,2015,1441.163
Curaçao,1950,17.734
Curaçao,1955,19.414
Curaçao,1960,20.496
Curaçao,1965,23.767
Curaçao,1970,27.356
Curaçao,1975,32.168
Curaçao,1980,33.429
Curaçao,1985,31.35
Curaçao,1990,24.254
Curaçao,1995,19.619
Curaçao,2000,16.133
Curaçao,2005,17.002
Curaçao,2010,19.435
Curaçao,2015,19.685
Dominican Republic,1950,473.725
Dominican Republic,1955,534.745
Dominican Republic,1960,575.993
Dominican Republic,1965,658.799
Dominican Republic,1970,836.795
Dominican Republic,1975,1050.901
Dominican Republic,1980,1239.606
Dominican Republic,1985,1376.309
Dominican Republic,1990,1478.668
Dominican Republic,1995,1570.666
Dominican Republic,2000,1683.834
Dominican Republic,2005,1797.1
Dominican Republic,2010,1882.035
Dominican Republic,2015,1917.906
Grenada,1950,12.149
Grenada,1955,13.684
Grenada,1960,14.044
Grenada,1965,14.805
Grenada,1970,16.4
Grenada,1975,20.176
Grenada,1980,20.053
Grenada,1985,23.328
Grenada,1990,17.549
Grenada,1995,19.284
Grenada,2000,21.2
Grenada,2005,24.321
Grenada,2010,23.507
Grenada,2015,20.047
Guadeloupe,1950,36.001
Guadeloupe,1955,39.033
Guadeloupe,1960,42.162
Guadeloupe,1965,55.64
Guadeloupe,1970,62.823
Guadeloupe,1975,60.235
Guadeloupe,1980,69.833
Guadeloupe,1985,73.301
Guadeloupe,1990,75.38
Guadeloupe,1995,70.64
Guadeloupe,2000,63.551
Guadeloupe,2005,58.108
Guadeloupe,2010,55.942
Guadeloupe,2015,63.849
Haiti,1950,599.186
Haiti,1955,667.889
Haiti,1960,733.025
Haiti,1965,764.637
Haiti,1970,855.255
Haiti,1975,997.58
Haiti,1980,1121.953
Haiti,1985,1232.361
Haiti,1990,1308.49
Haiti,1995,1468.797
Haiti,2000,1773.344
Haiti,2005,2008.197
Haiti,2010,2096.38
Haiti,2015,2163.243
Jamaica,1950,263.299
Jamaica,1955,281.716
Jamaica,1960,271.344
Jamaica,1965,299.476
Jamaica,1970,296.987
Jamaica,1975,379.637
Jamaica,1980,448.735
Jamaica,1985,511.91
Jamaica,1990,500.441
Jamaica,1995,490.006
Jamaica,2000,477.638
Jamaica,2005,496.422
Jamaica,2010,532.115
Jamaica,2015,545.726
Martinique,1950,39
Martinique,1955,43.018
Martinique,1960,49.177
Martinique,1965,49.29
Martinique,1970,59.35
Martinique,1975,63.646
Martinique,1980,73.173
Martinique,1985,71.183
Martinique,1990,69.494
Martinique,1995,57.624
Martinique,2000,51.791
Martinique,2005,53.589
Martinique,2010,51.576
Martinique,2015,41.366
Puerto Rico,1950,414.199
Puerto Rico,1955,408.997
Puerto Rico,1960,421.632
Puerto Rico,1965,451.082
Puerto Rico,1970,523.317
Puerto Rico,1975,616.033
Puerto Rico,1980,607.348
Puerto Rico,1985,620.872
Puerto Rico,1990,612.89
Puerto Rico,1995,633.644
Puerto Rico,2000,613.001
Puerto Rico,2005,595.247
Puerto Rico,2010,577.614
Puerto Rico,2015,555.36
Saint Lucia,1950,16.236
Saint Lucia,1955,16.6
Saint Lucia,1960,15.798
Saint Lucia,1965,16.516
Saint Lucia,1970,17.241
Saint Lucia,1975,20.699
Saint Lucia,1980,25.031
Saint Lucia,1985,26.81
Saint Lucia,1990,27.708
Saint Lucia,1995,27.073
Saint Lucia,2000,29.804
Saint Lucia,2005,33.383
Saint Lucia,2010,31.223
Saint Lucia,2015,32.397
Saint Vincent and the Grenadines,1950,11.205
Saint Vincent and the Grenadines,1955,12.792
Saint Vincent and the Grenadines,1960,13.374
Saint Vincent and the Grenadines,1965,14.865
Saint Vincent and the Grenadines,1970,17.609
Saint Vincent and the Grenadines,1975,20.202
Saint Vincent and the Grenadines,1980,22.892
Saint Vincent and the Grenadines,1985,24.206
Saint Vincent and the Grenadines,1990,22.586
Saint Vincent and the Grenadines,1995,22.51
Saint Vincent and the Grenadines,2000,21.687
Saint Vincent and the Grenadines,2005,20.931
Saint Vincent and the Grenadines,2010,20.389
Saint Vincent and the Grenadines,2015,19.298
Trinidad and Tobago,1950,108.599
Trinidad and Tobago,1955,119.816
Trinidad and Tobago,1960,147.201
Trinidad and Tobago,1965,168.919
Trinidad and Tobago,1970,187.618
Trinidad and Tobago,1975,221.874
Trinidad and Tobago,1980,251.037
Trinidad and Tobago,1985,243.448
Trinidad and Tobago,1990,219.433
Trinidad and Tobago,1995,228.753
Trinidad and Tobago,2000,255.98
Trinidad and Tobago,2005,262.406
Trinidad and Tobago,2010,219.554
Trinidad and Tobago,2015,182.967
United States Virgin Islands,1950,3.961
United States Virgin Islands,1955,4.385
United States Virgin Islands,1960,5.245
United States Virgin Islands,1965,9.432
United States Virgin Islands,1970,11.427
United States Virgin Islands,1975,12.284
United States Virgin Islands,1980,17.858
United States Virgin Islands,1985,19.012
United States Virgin Islands,1990,17.235
United States Virgin Islands,1995,15.895
United States Virgin Islands,2000,14.6
United States Virgin Islands,2005,15.068
United States Virgin Islands,2010,13.408
United States Virgin Islands,2015,13.608
Central America,1950,7342.45
Central America,1955,8012.147
Central America,1960,9091.074
Central America,1965,10650.18
Central America,1970,13142.678
Central America,1975,16007.135
Central America,1980,18323.815
Central America,1985,20911.759
Central America,1990,24427.199
Central America,1995,27298.66
Central America,2000,27983.419
Central America,2005,28731.961
Central America,2010,30765.107
Central America,2015,32420.481
Belize,1950,13.236
Belize,1955,13.684
Belize,1960,14.737
Belize,1965,17.398
Belize,1970,22.748
Belize,1975,27.75
Belize,1980,30.224
Belize,1985,36.719
Belize,1990,39.102
Belize,1995,40.051
Belize,2000,50.368
Belize,2005,57.411
Belize,2010,65.075
Belize,2015,74.085
Costa Rica,1950,179.877
Costa Rica,1955,205.954
Costa Rica,1960,242.371
Costa Rica,1965,299.624
Costa Rica,1970,353.013
Costa Rica,1975,424.096
Costa Rica,1980,521.277
Costa Rica,1985,572.438
Costa Rica,1990,568.395
Costa Rica,1995,614.39
Costa Rica,2000,721.279
Costa Rica,2005,797.085
Costa Rica,2010,824.494
Costa Rica,2015,809.903
El Salvador,1950,415.726
El Salvador,1955,459.439
El Salvador,1960,506.367
El Salvador,1965,574.497
El Salvador,1970,687.492
El Salvador,1975,805.926
El Salvador,1980,888.823
El Salvador,1985,952.612
El Salvador,1990,1033.503
El Salvador,1995,1091.061
El Salvador,2000,1098.229
El Salvador,2005,1122.542
El Salvador,2010,1217.596
El Salvador,2015,1293.238
Guatemala,1950,641.01
Guatemala,1955,684.468
Guatemala,1960,744.426
Guatemala,1965,858.024
Guatemala,1970,1074.686
Guatemala,1975,1278.797
Guatemala,1980,1398.657
Guatemala,1985,1571.459
Guatemala,1990,1820.627
Guatemala,1995,2118.478
Guatemala,2000,2424.495
Guatemala,2005,2706.26
Guatemala,2010,3069.699
Guatemala,2015,3465.454
Honduras,1950,288.509
Honduras,1955,325.126
Honduras,1960,358.928
Honduras,1965,414.186
Honduras,1970,511.562
Honduras,1975,621.514
Honduras,1980,725.719
Honduras,1985,853.672
Honduras,1990,998.917
Honduras,1995,1168.262
Honduras,2000,1361.349
Honduras,2005,1543.463
Honduras,2010,1726.938
Honduras,2015,1885.21
Mexico,1950,5382.557
Mexico,1955,5852.628
Mexico,1960,6690.03
Mexico,1965,7888.993
Mexico,1970,9755.357
Mexico,1975,11918.924
Mexico,1980,13694.735
Mexico,1985,15745.445
Mexico,1990,18636.142
Mexico,1995,20754.267
Mexico,2000,20655.133
Mexico,2005,20718.183
Mexico,2010,22020.684
Mexico,2015,23031.29
Nicaragua,1950,260.675
Nicaragua,1955,287.576
Nicaragua,1960,322.474
Nicaragua,1965,351.518
Nicaragua,1970,448.419
Nicaragua,1975,585.829
Nicaragua,1980,660.528
Nicaragua,1985,719.163
Nicaragua,1990,819.715
Nicaragua,1995,962.171
Nicaragua,2000,1096.867
Nicaragua,2005,1184.216
Nicaragua,2010,1209.173
Nicaragua,2015,1194.494
Panama,1950,160.86
Panama,1955,183.272
Panama,1960,211.741
Panama,1965,245.94
Panama,1970,289.401
Panama,1975,344.299
Panama,1980,403.852
Panama,1985,460.251
Panama,1990,510.798
Panama,1995,549.98
Panama,2000,575.699
Panama,2005,602.801
Panama,2010,631.448
Panama,2015,666.807
South America,1950,21427.48
South America,1955,23718.156
South America,1960,26472.682
South America,1965,30529.232
South America,1970,36623.694
South America,1975,42881.508
South America,1980,48952.14
South America,1985,54189.68
South America,1990,57399.225
South America,1995,62001.277
South America,2000,67524.782
South America,2005,70406.564
South America,2010,70963.953
South America,2015,70801.563
Argentina,1950,3146.727
Argentina,1955,3217.899
Argentina,1960,3369.384
Argentina,1965,3711.887
Argentina,1970,4116.535
Argentina,1975,4466.705
Argentina,1980,4541.256
Argentina,1985,4799.524
Argentina,1990,5289.854
Argentina,1995,6125.054
Argentina,2000,6555.355
Argentina,2005,6603.881
Argentina,2010,6813.227
Argentina,2015,6894.781
Bolivia (Plurinational State of),1950,561.302
Bolivia (Plurinational State of),1955,592.627
Bolivia (Plurinational State of),1960,671.468
Bolivia (Plurinational State of),1965,756.454
Bolivia (Plurinational State of),1970,868.846
Bolivia (Plurinational State of),1975,994.214
Bolivia (Plurinational State of),1980,1086.651
Bolivia (Plurinational State of),1985,1194.221
Bolivia (Plurinational State of),1990,1325.117
Bolivia (Plurinational State of),1995,1499.62
Bolivia (Plurinational State of),2000,1676.403
Bolivia (Plurinational State of),2005,1809.159
Bolivia (Plurinational State of),2010,1929.993
Bolivia (Plurinational State of),2015,2067.98
Brazil,1950,10420.396
Brazil,1955,11746.092
Brazil,1960,13175.935
Brazil,1965,15191.424
Brazil,1970,18483.998
Brazil,1975,21809.715
Brazil,1980,25147.831
Brazil,1985,27670.385
Brazil,1990,29117.101
Brazil,1995,31535.769
Brazil,2000,34669.829
Brazil,2005,35736.936
Brazil,2010,34964.349
Brazil,2015,34616.263
Chile,1950,1122.592
Chile,1955,1192.691
Chile,1960,1342.466
Chile,1965,1544.405
Chile,1970,1820.975
Chile,1975,2115.61
Chile,1980,2316.86
Chile,1985,2480.777
Chile,1990,2517.965
Chile,1995,2469.945
Chile,2000,2534.571
Chile,2005,2734.642
Chile,2010,2834.116
Chile,2015,2744.76
Colombia,1950,2282.406
Colombia,1955,2518.075
Colombia,1960,2867.585
Colombia,1965,3505.256
Colombia,1970,4390.784
Colombia,1975,5241.096
Colombia,1980,6087.869
Colombia,1985,6877.719
Colombia,1990,7062.343
Colombia,1995,7259.835
Colombia,2000,7920.384
Colombia,2005,8318.784
Colombia,2010,8429.512
Colombia,2015,8267.99
Ecuador,1950,614.091
Ecuador,1955,697.179
Ecuador,1960,806.629
Ecuador,1965,925.688
Ecuador,1970,1138.691
Ecuador,1975,1397.998
Ecuador,1980,1610.105
Ecuador,1985,1849.249
Ecuador,1990,2086.239
Ecuador,1995,2279.331
Ecuador,2000,2453.682
Ecuador,2005,2651.703
Ecuador,2010,2832.066
Ecuador,2015,2940.825
French Guiana,1950,4.214
French Guiana,1955,3.92
French Guiana,1960,4.05
French Guiana,1965,5.832
French Guiana,1970,8.201
French Guiana,1975,9.91
French Guiana,1980,12.929
French Guiana,1985,16.751
French Guiana,1990,19.277
French Guiana,1995,22.35
French Guiana,2000,25.853
French Guiana,2005,33.322
French Guiana,2010,36.549
French Guiana,2015,45.355
Guyana,1950,73.264
Guyana,1955,84.6
Guyana,1960,96.173
Guyana,1965,115.504
Guyana,1970,137.153
Guyana,1975,158.163
Guyana,1980,170.191
Guyana,1985,183.683
Guyana,1990,164.577
Guyana,1995,154.587
Guyana,2000,136.893
Guyana,2005,127.55
Guyana,2010,136.809
Guyana,2015,161.045
Paraguay,1950,281.967
Paraguay,1955,299.775
Paraguay,1960,341.844
Paraguay,1965,397.425
Paraguay,1970,483.769
Paraguay,1975,568.506
Paraguay,1980,644.417
Paraguay,1985,738.331
Paraguay,1990,807.726
Paraguay,1995,899.711
Paraguay,2000,1059.322
Paraguay,2005,1206.749
Paraguay,2010,1287.341
Paraguay,2015,1336.661
Peru,1950,1450.735
Peru,1955,1644.001
Peru,1960,1827.933
Peru,1965,2088.657
Peru,1970,2491.657
Peru,1975,2945.786
Peru,1980,3469.747
Peru,1985,4026.049
Peru,1990,4464.092
Peru,1995,4886.569
Peru,2000,5161.999
Peru,2005,5404.9
Peru,2010,5614.116
Peru,2015,5586.998
Suriname,1950,39.002
Suriname,1955,41.997
Suriname,1960,44.97
Suriname,1965,53.769
Suriname,1970,66.874
Suriname,1975,68.758
Suriname,1980,83.225
Suriname,1985,83.557
Suriname,1990,83.494
Suriname,1995,79.782
Suriname,2000,82.455
Suriname,2005,88.514
Suriname,2010,93.945
Suriname,2015,97.511
Uruguay,1950,394.751
Uruguay,1955,399.923
Uruguay,1960,405.188
Uruguay,1965,421.362
Uruguay,1970,439.006
Uruguay,1975,441.06
Uruguay,1980,468.13
Uruguay,1985,466.353
Uruguay,1990,489.093
Uruguay,1995,531.648
Uruguay,2000,525.382
Uruguay,2005,497.172
Uruguay,2010,516.235
Uruguay,2015,519.628
Venezuela (Bolivarian Republic of),1950,1035.689
Venezuela (Bolivarian Republic of),1955,1278.961
Venezuela (Bolivarian Republic of),1960,1518.564
Venezuela (Bolivarian Republic of),1965,1811
Venezuela (Bolivarian Republic of),1970,2176.79
Venezuela (Bolivarian Republic of),1975,2663.746
Venezuela (Bolivarian Republic of),1980,3312.63
Venezuela (Bolivarian Republic of),1985,3802.738
Venezuela (Bolivarian Republic of),1990,3972
Venezuela (Bolivarian Republic of),1995,4256.725
Venezuela (Bolivarian Republic of),2000,4722.289
Venezuela (Bolivarian Republic of),2005,5192.898
Venezuela (Bolivarian Republic of),2010,5475.352
Venezuela (Bolivarian Republic of),2015,5521.419
NORTHERN AMERICA,1950,25666.488
NORTHERN AMERICA,1955,24592.376
NORTHERN AMERICA,1960,27830.949
NORTHERN AMERICA,1965,34413.96
NORTHERN AMERICA,1970,40275.407
NORTHERN AMERICA,1975,45409.806
NORTHERN AMERICA,1980,47683.221
NORTHERN AMERICA,1985,45181.994
NORTHERN AMERICA,1990,41578.705
NORTHERN AMERICA,1995,40607.194
NORTHERN AMERICA,2000,43198.752
NORTHERN AMERICA,2005,46585.562
NORTHERN AMERICA,2010,48474.419
NORTHERN AMERICA,2015,48876.158
Canada,1950,2187.999
Canada,1955,2263.258
Canada,1960,2558.553
Canada,1965,3170.917
Canada,1970,3940.585
Canada,1975,4535.28
Canada,1980,4838.935
Canada,1985,4521.874
Canada,1990,4066.632
Canada,1995,3996.166
Canada,2000,4169.892
Canada,2005,4403.031
Canada,2010,4597.567
Canada,2015,4610.394
United States of America,1950,23466.762
United States of America,1955,22316.984
United States of America,1960,25258.732
United States of America,1965,31227.324
United States of America,1970,36317.059
United States of America,1975,40852.938
United States of America,1980,42820.122
United States of America,1985,40635.95
United States of America,1990,37492.011
United States of America,1995,36594.845
United States of America,2000,39012.614
United States of America,2005,42164.601
United States of America,2010,43858.78
United States of America,2015,44248.884
OCEANIA,1950,1963.723
OCEANIA,1955,2036.788
OCEANIA,1960,2361.16
OCEANIA,1965,2923.334
OCEANIA,1970,3525.124
OCEANIA,1975,3876.448
OCEANIA,1980,4201.571
OCEANIA,1985,4430.485
OCEANIA,1990,4646.752
OCEANIA,1995,4740.027
OCEANIA,2000,4755.255
OCEANIA,2005,5173.615
OCEANIA,2010,5659.196
OCEANIA,2015,5918.472
Australia/New Zealand,1950,1463.707
Australia/New Zealand,1955,1496.086
Australia/New Zealand,1960,1774.026
Australia/New Zealand,1965,2261.66
Australia/New Zealand,1970,2741.888
Australia/New Zealand,1975,2954.575
Australia/New Zealand,1980,3156.276
Australia/New Zealand,1985,3246.176
Australia/New Zealand,1990,3323.58
Australia/New Zealand,1995,3254.76
Australia/New Zealand,2000,3103.256
Australia/New Zealand,2005,3401.873
Australia/New Zealand,2010,3751.22
Australia/New Zealand,2015,3802.218
Australia,1950,1190.707
Australia,1955,1209.079
Australia,1960,1438.967
Australia,1965,1831.585
Australia,1970,2249.835
Australia,1975,2400.457
Australia,1980,2577.053
Australia,1985,2654.006
Australia,1990,2755.382
Australia,1995,2698.41
Australia,2000,2573.512
Australia,2005,2808.662
Australia,2010,3113.837
Australia,2015,3143.925
New Zealand,1950,273
New Zealand,1955,287.007
New Zealand,1960,335.059
New Zealand,1965,430.075
New Zealand,1970,492.053
New Zealand,1975,554.118
New Zealand,1980,579.223
New Zealand,1985,592.17
New Zealand,1990,568.198
New Zealand,1995,556.35
New Zealand,2000,529.744
New Zealand,2005,593.211
New Zealand,2010,637.383
New Zealand,2015,658.293
Melanesia,1950,416.277
Melanesia,1955,454.016
Melanesia,1960,497.005
Melanesia,1965,559.365
Melanesia,1970,660.65
Melanesia,1975,777.287
Melanesia,1980,881.161
Melanesia,1985,995.382
Melanesia,1990,1125.159
Melanesia,1995,1293.86
Melanesia,2000,1453.124
Melanesia,2005,1561.985
Melanesia,2010,1694.951
Melanesia,2015,1893.626
Fiji,1950,54.998
Fiji,1955,64.888
Fiji,1960,74.705
Fiji,1965,91.347
Fiji,1970,108.97
Fiji,1975,130.014
Fiji,1980,140.888
Fiji,1985,147.243
Fiji,1990,139.149
Fiji,1995,151.346
Fiji,2000,166.001
Fiji,2005,155.668
Fiji,2010,158.182
Fiji,2015,153.265
New Caledonia,1950,11.44
New Caledonia,1955,11.779
New Caledonia,1960,13.624
New Caledonia,1965,16.293
New Caledonia,1970,19.169
New Caledonia,1975,23.59
New Caledonia,1980,26.492
New Caledonia,1985,29.913
New Caledonia,1990,35.857
New Caledonia,1995,37.728
New Caledonia,2000,36.381
New Caledonia,2005,37.918
New Caledonia,2010,40.495
New Caledonia,2015,43.515
Papua New Guinea,1950,322.86
Papua New Guinea,1955,346.709
Papua New Guinea,1960,373.259
Papua New Guinea,1965,410.555
Papua New Guinea,1970,485.584
Papua New Guinea,1975,569.839
Papua New Guinea,1980,648.23
Papua New Guinea,1985,743.151
Papua New Guinea,1990,860.061
Papua New Guinea,1995,995.285
Papua New Guinea,2000,1127.391
Papua New Guinea,2005,1233.091
Papua New Guinea,2010,1350.503
Papua New Guinea,2015,1532.821
Solomon Islands,1950,17.8
Solomon Islands,1955,19.98
Solomon Islands,1960,22.955
Solomon Islands,1965,26.649
Solomon Islands,1970,31.054
Solomon Islands,1975,34.39
Solomon Islands,1980,42.234
Solomon Islands,1985,50.028
Solomon Islands,1990,63.086
Solomon Islands,1995,77.928
Solomon Islands,2000,86.533
Solomon Islands,2005,92.791
Solomon Islands,2010,100.324
Solomon Islands,2015,115.534
Vanuatu,1950,9.179
Vanuatu,1955,10.66
Vanuatu,1960,12.462
Vanuatu,1965,14.521
Vanuatu,1970,15.873
Vanuatu,1975,19.454
Vanuatu,1980,23.317
Vanuatu,1985,25.047
Vanuatu,1990,27.006
Vanuatu,1995,31.573
Vanuatu,2000,36.818
Vanuatu,2005,42.517
Vanuatu,2010,45.447
Vanuatu,2015,48.491
Micronesia,1950,36.225
Micronesia,1955,34.526
Micronesia,1960,33.54
Micronesia,1965,39.91
Micronesia,1970,49.736
Micronesia,1975,56.342
Micronesia,1980,62.065
Micronesia,1985,72.522
Micronesia,1990,79.579
Micronesia,1995,81.056
Micronesia,2000,88.257
Micronesia,2005,90.959
Micronesia,2010,91.731
Micronesia,2015,98.403
Guam,1950,18.561
Guam,1955,15.102
Guam,1960,11.808
Guam,1965,14.817
Guam,1970,18.025
Guam,1975,19.528
Guam,1980,21.547
Guam,1985,23.51
Guam,1990,25.793
Guam,1995,24.145
Guam,2000,24.404
Guam,2005,25.069
Guam,2010,26.695
Guam,2015,27.512
Kiribati,1950,7.067
Kiribati,1955,6.978
Kiribati,1960,7.031
Kiribati,1965,7.954
Kiribati,1970,9.875
Kiribati,1975,11.776
Kiribati,1980,13.078
Kiribati,1985,13.907
Kiribati,1990,13.83
Kiribati,1995,13.201
Kiribati,2000,15.682
Kiribati,2005,19.347
Kiribati,2010,21.236
Kiribati,2015,22.281
Micronesia (Fed. States of),1950,6
Micronesia (Fed. States of),1955,6.812
Micronesia (Fed. States of),1960,7.758
Micronesia (Fed. States of),1965,8.772
Micronesia (Fed. States of),1970,11.67
Micronesia (Fed. States of),1975,12.836
Micronesia (Fed. States of),1980,14.216
Micronesia (Fed. States of),1985,17.673
Micronesia (Fed. States of),1990,19.944
Micronesia (Fed. States of),1995,21.437
Micronesia (Fed. States of),2000,23.009
Micronesia (Fed. States of),2005,24.741
Micronesia (Fed. States of),2010,24.45
Micronesia (Fed. States of),2015,24.833
Polynesia,1950,47.514
Polynesia,1955,52.16
Polynesia,1960,56.589
Polynesia,1965,62.399
Polynesia,1970,72.85
Polynesia,1975,88.244
Polynesia,1980,102.069
Polynesia,1985,116.405
Polynesia,1990,118.434
Polynesia,1995,110.351
Polynesia,2000,110.618
Polynesia,2005,118.798
Polynesia,2010,121.294
Polynesia,2015,124.225
French Polynesia,1950,12.464
French Polynesia,1955,13.606
French Polynesia,1960,14.281
French Polynesia,1965,15.486
French Polynesia,1970,18.577
French Polynesia,1975,26.09
French Polynesia,1980,31.878
French Polynesia,1985,37.643
French Polynesia,1990,41.123
French Polynesia,1995,39.395
French Polynesia,2000,40.395
French Polynesia,2005,48.498
French Polynesia,2010,48.849
French Polynesia,2015,46.48
Samoa,1950,15.533
Samoa,1955,17.327
Samoa,1960,20.475
Samoa,1965,22.171
Samoa,1970,26.135
Samoa,1975,30.64
Samoa,1980,34.706
Samoa,1985,37.87
Samoa,1990,37.372
Samoa,1995,34.763
Samoa,2000,32.265
Samoa,2005,31.977
Samoa,2010,34.106
Samoa,2015,37.585
Tonga,1950,9.26
Tonga,1955,10.838
Tonga,1960,11.345
Tonga,1965,13.439
Tonga,1970,15.219
Tonga,1975,17.088
Tonga,1980,19.75
Tonga,1985,22.242
Tonga,1990,22.056
Tonga,1995,18.818
Tonga,2000,20.662
Tonga,2005,19.483
Tonga,2010,19.435
Tonga,2015,21.262
